date,number,winners,page,pédantix,pedantix,cémantix,cemantix,is_holiday,visitor,difficulty_mean,difficulty_std
2022-05-14,1,4398,Affaire Dreyfus,0.0,3.0,8.0,73.0,False,,0.2753581294861955,0.041989479247817804
2022-05-15,2,6632,Nestlé,0.0,6.0,7.0,56.0,False,,0.3902189440705345,0.05447772138634885
2022-05-16,3,9224,Formation et évolution du Système solaire,0.0,6.0,12.0,69.0,False,,0.4003761468605325,0.05931193963484067
2022-05-17,4,13865,Strasbourg,3.0,8.0,12.0,66.0,False,,0.5968132783260818,0.09193087991604516
2022-05-18,5,11130,Processeur,4.0,12.0,12.0,65.0,False,,0.4910557516288382,0.08065420451456569
2022-05-19,6,12771,Empire State Building,6.0,11.0,12.0,63.0,False,,0.5741051019454427,0.0827520507046777
2022-05-20,7,11447,Homophobie,4.0,14.0,8.0,54.0,False,,0.5229593927093246,0.10975827223999525
2022-05-21,8,8422,Alfred Russel Wallace,0.0,15.0,7.0,42.0,False,,0.5285639872311587,0.07290278122667244
2022-05-22,9,11999,Rôle du cheval dans la guerre,3.0,11.0,7.0,62.0,False,,0.6866496426672054,0.09879586622731555
2022-05-23,10,13443,Magic Johnson,3.0,17.0,13.0,60.0,False,,0.5698540104115037,0.07910426658555185
2022-05-24,11,14634,Émeu d'Australie,5.0,15.0,11.0,49.0,False,,0.6306284748531475,0.09440354129982927
2022-05-25,12,16844,Histoire de l'Australie,6.0,13.0,11.0,50.0,False,,0.7281950600823862,0.1251275602001271
2022-05-26,13,12320,Dynastie Shang,0.0,13.0,8.0,50.0,False,,0.5361927874886591,0.0792043380306419
2022-05-27,14,14235,Ukrainien,4.0,16.0,9.0,64.0,False,,0.6796599508181411,0.10376818227085936
2022-05-28,15,13440,Handball,0.0,14.0,10.0,52.0,False,,0.8153582124924665,0.09670828728831504
2022-05-29,16,13884,Science-fiction,3.0,16.0,6.0,60.0,False,,0.7782616061906437,0.11330971637460013
2022-05-30,17,15492,Nankin,4.0,18.0,9.0,50.0,False,,0.6390770293052203,0.09013519220718837
2022-05-31,18,18473,Comédie musicale,4.0,17.0,17.0,80.0,False,,0.7661548723778995,0.10337546532252777
2022-06-01,19,14414,Truffe (champignon),6.0,19.0,12.0,71.0,False,,0.6042451346581511,0.08614369708280009
2022-06-02,20,21018,La Réunion,4.0,18.0,13.0,55.0,False,,0.8340844830855625,0.0915980862896807
2022-06-03,21,18875,Munich,4.0,15.0,12.0,68.0,False,,0.8217420977607474,0.09869107151205493
2022-06-04,22,16796,Nantes,6.0,12.0,10.0,52.0,False,,0.9213398990813106,0.07266263842601461
2022-06-05,23,17110,Fleuve Saint-Laurent,0.0,14.0,9.0,63.0,False,,0.8741015454465835,0.07558499518560152
2022-06-06,24,17769,Rage (maladie),3.0,15.0,8.0,52.0,False,,0.6963073155507528,0.10443969227872378
2022-06-07,25,18383,Fonction d'onde,7.0,19.0,11.0,58.0,False,,0.7483352140184996,0.09443438487956697
2022-06-08,26,20062,Constantinople,5.0,18.0,14.0,54.0,False,,0.8046586619175082,0.12402065682321275
2022-06-09,27,16157,Transition de phase,6.0,24.0,18.0,85.0,False,,0.6609505789624911,0.09224859549600536
2022-06-10,28,15903,Quasar,6.0,27.0,10.0,53.0,False,,0.6737972233596212,0.11596348310490916
2022-06-11,29,11291,Société des Nations,3.0,21.0,9.0,50.0,False,,0.6680930959410428,0.08441163957900366
2022-06-12,30,12781,Trilobita,3.0,21.0,7.0,55.0,False,,0.7159054034334833,0.08863020470139382
2022-06-13,31,17638,Champ magnétique,4.0,19.0,15.0,70.0,False,,0.7097407398326223,0.078151640247882
2022-06-14,32,19528,Guerres turco-byzantines,4.0,18.0,12.0,63.0,False,,0.7707373143162409,0.10319439371975928
2022-06-15,33,19068,Arts de l'Islam,6.0,20.0,11.0,58.0,False,,0.7735206734895367,0.11628937036028675
2022-06-16,34,15134,Isambard Kingdom Brunel,5.0,24.0,11.0,59.0,False,,0.6129935367659709,0.08035781578187824
2022-06-17,35,14006,Tourbière,4.0,22.0,10.0,60.0,False,,0.6010270964129344,0.09444939351080732
2022-06-18,36,14814,Statue de la Liberté,5.0,14.0,7.0,74.0,False,,0.8418962783549333,0.09392032769880838
2022-06-19,37,14940,Edward Hopper,0.0,16.0,17.0,100.0,False,,0.794647061964941,0.11098460502563125
2022-06-20,38,18482,Canoë,5.0,23.0,9.0,53.0,False,,0.7329840935403678,0.09468773836325578
2022-06-21,39,18250,Os,5.0,21.0,13.0,73.0,False,,0.7331894232325886,0.10783652815742395
2022-06-22,40,18152,Âne commun,6.0,17.0,11.0,67.0,False,,0.730633493959572,0.11402875605057569
2022-06-23,41,16318,Ishtar,5.0,20.0,11.0,63.0,False,,0.6537419541353775,0.11224376968699849
2022-06-24,42,16918,Feu d'artifice,4.0,18.0,14.0,72.0,False,,0.7259043198140079,0.10214732159631058
2022-06-25,43,15740,Sardaigne,0.0,14.0,6.0,50.0,False,,0.8808366530805035,0.09297598833417446
2022-06-26,44,15468,Épée,3.0,15.0,9.0,66.0,False,,0.8129619642924113,0.08880955245718569
2022-06-27,45,18186,Politique de sécurité nationale,4.0,23.0,11.0,70.0,False,,0.7462761456097301,0.08981985506175326
2022-06-28,46,21147,Aigle royal,7.0,20.0,12.0,70.0,False,,0.8302571920196208,0.11616423550556976
2022-06-29,47,18147,Architecture byzantine,4.0,21.0,11.0,63.0,False,,0.7638148394789925,0.09860863141001265
2022-06-30,48,18905,Pokémon,4.0,23.0,15.0,62.0,False,,0.7540786940013186,0.10631249987867814
2022-07-01,49,19621,Bombardements atomiques d'Hiroshima et de Nagasaki,5.0,21.0,10.0,55.0,False,,0.8017132544768626,0.14065171182357364
2022-07-02,50,17410,Degré Fahrenheit,0.0,16.0,9.0,65.0,False,,0.910900965076927,0.09943184112405444
2022-07-03,51,15868,Pollution de l'eau,4.0,17.0,9.0,75.0,False,,0.7892491900012487,0.14939974098105716
2022-07-04,52,20897,Bibliothèque nationale de France,4.0,20.0,12.0,71.0,False,,0.8033992873931022,0.11140053694962243
2022-07-05,53,19055,Fièvre du Nil occidental,4.0,24.0,11.0,55.0,False,,0.7623311026224436,0.09120242580259191
2022-07-06,54,20490,Baseball,5.0,18.0,12.0,53.0,True,,0.8611909595075178,0.13232625580573423
2022-07-07,55,18687,Université Yale,5.0,21.0,9.0,49.0,True,,0.8164516090572917,0.08157803422103754
2022-07-08,56,15596,Psychologie analytique,4.0,21.0,14.0,67.0,True,,0.7260853272789485,0.09737222787628425
2022-07-09,57,11713,Ciment,4.0,15.0,5.0,68.0,True,,0.7459921508314264,0.07963961003825396
2022-07-10,58,14039,Utopie,0.0,16.0,9.0,69.0,True,,0.8134018374251987,0.11479852799480679
2022-07-11,59,20204,Squelette humain,6.0,21.0,9.0,43.0,True,,0.8306399990833113,0.10295489474187
2022-07-12,60,22021,Animal de compagnie,5.0,17.0,11.0,68.0,True,,0.8693915567843779,0.12478412712909075
2022-07-13,61,18729,Karaté,4.5,19.5,9.0,54.0,True,,0.8119046898862212,0.10433243039769699
2022-07-14,62,17499,Rugby à XV,0.0,22.0,6.0,57.0,True,,0.7624303713296461,0.08991260383469765
2022-07-15,63,13444,Dessalement,4.0,25.0,7.0,56.0,True,,0.6380711964179588,0.0742430065177706
2022-07-16,64,14820,Plongée sous-marine,0.0,17.0,12.0,74.0,True,,0.8702317721140085,0.11367974458231024
2022-07-17,65,15196,Relativité restreinte,0.0,18.0,9.0,80.0,True,,0.8410369763425495,0.16350044456941534
2022-07-18,66,18338,Alpinisme,7.0,25.0,11.0,79.0,True,,0.7612109555395762,0.1179244035010845
2022-07-19,67,20155,Manchester,5.0,22.0,16.0,88.0,True,,0.8438560968227207,0.11799954772252193
2022-07-20,68,19522,Guerre anglo-zouloue,4.0,28.0,11.0,68.0,True,,0.8330852731701087,0.10800877465381631
2022-07-21,69,19508,David Lloyd George,7.0,24.0,8.0,56.0,True,,0.8076567304234046,0.10783203370849548
2022-07-22,70,17002,Navire de ligne,6.0,26.0,11.0,70.0,True,,0.7719729314748678,0.08837213596383366
2022-07-23,71,11375,Mexico-Tenochtitlan,6.0,21.0,7.0,79.0,True,,0.7112187818838063,0.08034758532441401
2022-07-24,72,13989,Abbas Kiarostami,7.0,24.0,7.0,60.0,True,,0.8055432703789662,0.13969934576040194
2022-07-25,73,18178,Xénon,7.0,27.0,11.0,72.0,True,,0.7610708398382554,0.10273826484642688
2022-07-26,74,14851,Adivasis,5.0,26.0,9.0,62.0,True,,0.6484750947863347,0.08214673414891248
2022-07-27,75,17202,Gdańsk,3.0,25.0,12.0,74.0,True,,0.7418695900983153,0.11836404396604831
2022-07-28,76,20597,Eau de Javel,5.0,19.0,14.0,83.0,True,,0.8396504301866599,0.1371155821779194
2022-07-29,77,18598,Masse volumique,4.0,21.0,13.0,71.0,True,,0.8185409290529205,0.12118612554806996
2022-07-30,78,14906,Virginité,4.0,17.0,8.0,73.0,True,,0.8823837565313912,0.10551266410450898
2022-07-31,79,15413,Témoins de Jéhovah,0.0,22.0,12.0,86.0,True,,0.9080389150371607,0.07977006802325133
2022-08-01,80,19666,Alexandrie,5.0,18.0,13.0,75.0,True,,0.8631938906218519,0.10571981284895039
2022-08-02,81,18556,Physique du solide,4.0,20.0,9.0,65.0,True,,0.8176656235203082,0.13759887650857794
2022-08-03,82,20501,Stendhal,4.0,23.0,13.0,65.0,True,,0.8996468754462419,0.09619784786172825
2022-08-04,83,20074,Oscars du cinéma,6.0,24.0,9.0,72.0,True,,0.858485693586866,0.13872752114940182
2022-08-05,84,15333,Art hellénistique,6.0,27.0,9.0,50.0,True,,0.7436055518793367,0.09005285138370996
2022-08-06,85,12866,Projet Manhattan,4.0,24.0,12.0,93.0,True,,0.83110682523463,0.08881555725148384
2022-08-07,86,14191,Actinide,5.0,27.0,9.0,70.0,True,,0.8327295479988326,0.11317377991863072
2022-08-08,87,19294,Minneapolis,0.0,24.0,10.0,74.0,True,,0.8292318254653894,0.13345466902227154
2022-08-09,88,11591,Homotopie,6.0,37.0,13.0,62.0,True,,0.5361974482560672,0.07184065632467443
2022-08-10,89,17942,Guerre civile du Sri Lanka,4.0,25.0,11.0,86.0,True,,0.8185228761805221,0.10566655560532388
2022-08-11,90,16038,Drone,6.0,20.0,18.0,98.0,True,,0.7377798477480737,0.10005914550578048
2022-08-12,91,20447,Guadeloupe,4.0,19.0,10.0,66.0,True,,0.9093758016085852,0.0933988782865686
2022-08-13,92,12775,Horatio Nelson,0.0,22.0,11.0,89.0,True,,0.8016827185765641,0.12284714464057342
2022-08-14,93,14221,Langage de programmation,5.0,24.0,10.0,74.0,True,,0.8261293400289156,0.12105053743592964
2022-08-15,94,17900,Comédie,0.0,23.0,8.0,72.0,True,,0.7973229885481583,0.1016392309117003
2022-08-16,95,18021,Triton (lune),3.0,26.0,8.0,79.0,True,,0.8036874649574421,0.10341122501260279
2022-08-17,96,16220,Hernando de Soto (conquistador),5.0,23.0,12.0,88.0,True,,0.7400198416348113,0.10347317292172444
2022-08-18,97,16917,Coleoptera,5.0,28.0,12.0,78.0,True,,0.7720975389868585,0.10216329811263426
2022-08-19,98,14908,Organisme génétiquement modifié,6.0,27.0,12.0,100.0,True,,0.7377623811870031,0.09895661172716505
2022-08-20,99,10812,Absolu (philosophie),4.0,29.0,10.0,86.0,True,,0.7065889033656977,0.10153121070134638
2022-08-21,100,20370,Grèce,5.0,17.0,12.0,76.0,True,,0.9640150501111064,0.05627836560365302
2022-08-22,101,23138,Tunisie,4.0,19.0,11.0,66.0,True,,0.9214565103836871,0.0858035286163548
2022-08-23,102,17971,Empire khmer,8.0,25.0,12.0,82.0,True,,0.8039517314892571,0.11811634397810634
2022-08-24,103,15085,Perspective (représentation),7.0,27.0,9.0,94.0,True,,0.6918525594618157,0.10464192447938127
2022-08-25,104,17977,Mercure (chimie),5.0,26.0,8.0,78.0,True,,0.8168628182738659,0.10242868781326422
2022-08-26,105,17866,Sulfate de sodium,4.0,27.0,11.0,83.0,True,,0.831817102120089,0.1438868894289959
2022-08-27,106,11464,Équations de Navier-Stokes,0.0,24.0,8.0,80.0,True,,0.746837025425922,0.09612046651116805
2022-08-28,107,11190,Hypertext Transfer Protocol,4.0,24.0,12.0,97.0,True,,0.6763716230714983,0.09225981417072009
2022-08-29,108,19767,Noix,5.0,25.0,6.0,72.0,True,,0.8248712737964499,0.13965758260896588
2022-08-30,109,19445,Race humaine,6.0,26.0,15.0,91.0,True,,0.8801623849322303,0.08278755361963899
2022-08-31,110,15823,Jan Hus,4.0,28.0,12.0,82.0,True,,0.7320713483667914,0.123262619405165
2022-09-01,111,23536,Amérique,5.0,20.0,12.0,69.0,True,,0.9352201839507407,0.07640389610982097
2022-09-02,112,17735,Ère de l'information,4.0,24.0,12.0,79.0,False,,0.7896818412127509,0.1061285879856636
2022-09-03,113,13445,Mickey Mouse,5.0,21.0,10.0,84.0,False,,0.8125844408349554,0.11228735298086785
2022-09-04,114,14583,Virus de l'immunodéficience humaine,0.0,24.0,6.0,67.0,False,,0.8094851372007406,0.1279361070836105
2022-09-05,115,13789,Système dynamique,5.0,26.0,10.0,83.0,False,,0.5958110240623795,0.07467516630992765
2022-09-06,116,22003,Molécule d'eau,4.0,19.0,11.0,70.0,False,,0.8651104295358251,0.10932300265316872
2022-09-07,117,17500,Industrie textile,5.0,22.0,12.0,71.0,False,,0.7495822045896023,0.11531543987024023
2022-09-08,118,16991,Compagnie néerlandaise des Indes orientales,6.0,23.0,16.0,79.0,False,,0.73613024176304,0.1003789985069799
2022-09-09,119,18472,Âge d'or de la peinture néerlandaise,6.0,20.0,10.0,72.0,False,,0.8190873544081092,0.13145237331082324
2022-09-10,120,11801,Empire parthe,0.0,18.0,7.0,51.0,False,,0.7183911101594379,0.10816513201283273
2022-09-11,121,13649,Giuseppe Garibaldi,4.0,19.0,7.0,49.0,False,,0.7865327547591402,0.1301767655177053
2022-09-12,122,19223,Pretoria,0.0,20.0,8.0,69.0,False,,0.8148823390718746,0.09960239202568605
2022-09-13,123,17493,Saké,0.0,23.0,9.0,59.0,False,,0.7643174030576801,0.10695627515055514
2022-09-14,124,17773,Capoeira,5.0,20.0,14.0,76.0,False,,0.7904346245158663,0.11617853552954575
2022-09-15,125,11272,Chaîne de Markov,4.0,28.0,11.0,84.0,False,,0.5050815214280949,0.06833563682092196
2022-09-16,126,16719,Déjeuner,6.0,24.0,11.0,85.0,False,,0.7646964108894014,0.10876691175037546
2022-09-17,127,13371,Johannesbourg,0.0,16.0,10.0,78.0,False,,0.8081547520360638,0.13251905348061785
2022-09-18,128,14199,Faucon pèlerin,5.0,17.0,7.0,64.0,False,,0.8027396784115125,0.1090609572595116
2022-09-19,129,13391,Echinodermata,6.0,25.0,11.0,67.0,False,,0.5708361673588204,0.07762394595269481
2022-09-20,130,16051,Oignon,6.0,24.0,9.0,57.0,False,,0.6857440215164651,0.10333490298570504
2022-09-21,131,12638,Variété (géométrie),5.0,32.0,12.0,73.0,False,,0.5596187850843808,0.08336414716950571
2022-09-22,132,18627,Signe du zodiaque,6.0,22.0,11.0,66.0,False,,0.8071616999025327,0.09435392138981646
2022-09-23,133,19973,Mur de Berlin,6.0,15.0,12.0,67.0,False,,0.8782026395381289,0.11438582521547992
2022-09-24,134,11452,Imprimante,0.0,21.0,8.0,68.0,False,,0.7019173621958179,0.09311396579320326
2022-09-25,135,14092,Tantale (chimie),0.0,19.0,9.0,59.0,False,,0.7771359306095579,0.12192718959933169
2022-09-26,136,21039,La Nouvelle-Orléans,5.0,20.0,11.0,73.0,False,,0.857555346284905,0.12715279692615009
2022-09-27,137,19631,Royaumes francs,5.0,15.0,11.0,58.0,False,,0.8252601657394847,0.10529661811819965
2022-09-28,138,18870,François d'Assise,5.0,22.0,11.0,64.0,False,,0.8197895974511662,0.10843406915420639
2022-09-29,139,15380,Melon (plante),6.0,20.0,12.0,65.0,False,,0.672492417300379,0.08507005845441434
2022-09-30,140,12302,Glucide,4.0,20.0,14.0,70.0,False,,0.5688223471811558,0.09245724551951662
2022-10-01,141,12916,Plutonium,0.0,19.0,7.0,64.0,False,,0.6768803508669342,0.12788936645296026
2022-10-02,142,13452,Tapisserie de Bayeux,0.0,17.0,8.0,54.0,False,,0.6639444783002826,0.12346855971777468
2022-10-03,143,15668,Psychiatrie,6.0,27.0,14.0,63.0,False,,0.5821294980891261,0.08733219174460104
2022-10-04,144,15260,Cinéma indien,5.0,23.0,17.0,69.0,False,,0.5642341743657622,0.06967097229621087
2022-10-05,145,17021,République romaine,7.0,26.0,16.0,71.0,False,,0.6428918191378274,0.11579015924670855
2022-10-06,146,12548,Mitochondrie,6.0,20.0,11.0,73.0,False,,0.47686125802071594,0.06376511589177872
2022-10-07,147,15367,Exoplanète,6.0,20.0,11.0,67.0,False,,0.605684448728602,0.08537196316095157
2022-10-08,148,9647,Procédé Haber,4.0,17.0,12.0,59.0,False,,0.5319156975124192,0.06977363344709708
2022-10-09,149,13913,Pierre Bourdieu,0.0,17.0,10.5,68.5,False,,0.7054899190812387,0.10785314684132487
2022-10-10,150,16951,Fréquence,9.0,22.0,12.0,81.0,False,,0.6253272196925982,0.0874252740601029
2022-10-11,151,18177,Histoire de l'Irak,11.0,17.0,14.0,62.0,False,,0.6929408602641903,0.08331524838907407
2022-10-12,152,16431,Dengue,8.0,28.0,14.0,81.0,False,,0.6306132568832917,0.08257260344314943
2022-10-13,153,21553,Algérie,5.0,22.0,12.0,65.0,False,,0.7797146751367161,0.10902764495267048
2022-10-14,154,14468,Milton Friedman,6.0,25.0,20.0,75.0,False,,0.5882163941254956,0.08651179776200485
2022-10-15,155,10246,Enthalpie,0.0,17.0,10.0,74.0,False,,0.5474635075326652,0.06908543575393702
2022-10-16,156,13778,Communication non verbale,0.0,18.0,10.0,68.0,False,,0.6840571654638388,0.12728462006332428
2022-10-17,157,16505,New Age,7.0,32.0,10.0,62.0,False,,0.6061021025288051,0.10171360395388286
2022-10-18,158,15068,Plotin,11.0,28.0,14.0,69.0,False,,0.5581990641713169,0.0910181160905121
2022-10-19,159,16915,Totalitarisme,9.0,24.0,8.0,72.0,False,,0.629517747535099,0.09347499141950212
2022-10-20,160,15605,Déforestation,6.0,29.0,16.0,69.0,False,,0.5976243258667081,0.08084240872072397
2022-10-21,161,15386,Lave-linge,5.0,22.0,15.0,73.0,False,,0.6182231593579947,0.08850452228175576
2022-10-22,162,11519,Mythologie nordique,0.0,17.0,5.0,64.0,True,,0.6927124081790532,0.07076721740465156
2022-10-23,163,14629,Tsunami,0.0,19.0,11.0,83.0,True,,0.7875121963129051,0.0911982823381974
2022-10-24,164,16030,John Singer Sargent,7.0,31.0,10.0,70.0,True,,0.6471650816893358,0.0859865436938051
2022-10-25,165,17349,Ursidae,6.0,22.0,13.0,68.0,True,,0.6767149860244913,0.114465761719161
2022-10-26,166,21123,Guerre de Corée,6.0,24.0,12.0,77.0,True,,0.8380808589945229,0.10834419970966312
2022-10-27,167,15697,Avoine cultivée,5.0,27.0,12.0,65.0,True,,0.6369201720784057,0.09196483766021285
2022-10-28,168,14948,Littérature de langue arabe,6.0,24.0,13.0,69.0,True,,0.655298463906205,0.07107242197540416
2022-10-29,169,11721,Métal alcalin,0.0,18.0,11.0,74.0,True,,0.6689118316174487,0.11593083518771251
2022-10-30,170,16573,Nouvelle-Zélande,0.0,14.0,6.0,54.0,True,,0.839544272101007,0.11334049405249369
2022-10-31,171,12986,Phéniciens,0.0,23.0,8.0,65.0,True,,0.5113035920373042,0.07399512937119833
2022-11-01,172,14656,Yunnan,0.0,19.0,7.0,61.0,True,,0.6256989164375867,0.0877346217730648
2022-11-02,173,17263,Guitare électrique,6.0,23.0,11.0,87.0,True,,0.7514183965241866,0.0976820154425703
2022-11-03,174,14979,Arc (architecture),9.0,29.0,13.0,80.0,True,,0.6619409598397946,0.10459791564147966
2022-11-04,175,12960,Grégoire de Nazianze,6.0,22.0,11.0,73.0,True,,0.6021783425192055,0.08276859829794762
2022-11-05,176,12065,Guerres perso-romaines,0.0,21.0,11.0,69.0,True,,0.7318236258319825,0.09150620888567296
2022-11-06,177,12353,Basile de Césarée,0.0,23.0,13.0,87.0,True,,0.6979390709377591,0.10090343383139608
2022-11-07,178,19689,Émile Zola,8.0,25.0,11.0,65.0,True,,0.8209931482537786,0.10128168086609668
2022-11-08,179,14359,Cancer colorectal,8.0,27.0,13.0,85.0,False,,0.5759097233545017,0.08452617930911555
2022-11-09,180,19027,Spider-Man,11.0,33.0,13.0,63.0,False,,0.7734276115099694,0.10776583611157035
2022-11-10,181,15787,Jack Kirby,5.0,21.0,10.0,70.0,False,,0.6312947926586739,0.08900160401511195
2022-11-11,182,12406,Philosophie de l'esprit,6.0,17.0,6.0,49.0,False,,0.5376270273248499,0.0766445500470074
2022-11-12,183,11746,Histoire de l'Égypte,5.0,24.0,7.0,75.0,False,,0.6704262886427665,0.09909336475620538
2022-11-13,184,18310,Portugal,6.0,16.0,7.0,61.0,False,,0.8967207386673124,0.11519787610446669
2022-11-14,185,20821,Basques,6.0,30.0,7.0,63.0,False,,0.8051979090680236,0.12289968771981201
2022-11-15,186,18862,Pompéi,7.0,25.0,10.0,62.0,False,,0.7447056419581408,0.12248614110186216
2022-11-16,187,18589,Insurrection de Budapest,7.0,25.0,9.0,59.0,False,,0.7664111353154547,0.1263106891755334
2022-11-17,188,16333,Camillo Cavour,8.0,20.0,10.0,56.0,False,,0.6525701724105094,0.11462193463661094
2022-11-18,189,16984,Guerre de Succession d'Autriche,6.0,24.0,13.0,89.0,False,,0.7343603438649832,0.09113977136595103
2022-11-19,190,13098,École normale supérieure (Paris),0.0,21.0,12.0,70.0,False,,0.7302328116392315,0.1114273897574645
2022-11-20,191,15167,Arsenic,0.0,20.0,11.0,79.0,False,,0.785183243843969,0.1300258316791265
2022-11-21,192,16347,Acide borique,8.0,27.0,11.0,62.0,False,,0.6618905189413615,0.10801037043445612
2022-11-22,193,15760,Nébuleuse planétaire,7.0,24.0,13.0,66.0,False,,0.6284828976909473,0.0753777574090803
2022-11-23,194,16635,Bételgeuse,5.0,28.0,12.0,64.0,False,,0.6992848804303371,0.07867288178153573
2022-11-24,195,17614,Allah,7.0,22.0,12.0,57.0,False,,0.7098180151185879,0.0876651083262107
2022-11-25,196,17844,Québec,7.0,22.0,10.0,65.0,False,,0.7575920422822571,0.10565031836077317
2022-11-26,197,9811,Langues chamito-sémitiques,4.0,20.0,9.0,71.0,False,,0.5629003891080651,0.07218094550329227
2022-11-27,198,14812,Francs,0.0,17.0,7.0,59.0,False,,0.7959923292239257,0.11990258820580081
2022-11-28,199,14648,Syllabe,9.0,27.0,15.0,71.0,False,,0.5824147157906032,0.06678167738385873
2022-11-29,200,15474,Sorcellerie,0.0,28.0,13.0,86.0,False,,0.6166473406833323,0.07830907048931722
2022-11-30,201,17557,Guerres arabo-byzantines,4.0,27.0,9.0,63.0,False,,0.6866462296997844,0.13181856921268195
2022-12-01,202,15876,Végétarisme,11.0,23.0,13.0,72.0,False,,0.6572981514537419,0.08442959926329105
2022-12-02,203,14686,Philosophie antique,9.0,26.0,8.0,62.0,False,,0.6423448186491052,0.06343445915829356
2022-12-03,204,12386,Girafe,0.0,16.0,0.0,60.0,False,,0.7017345746426212,0.11897653090337328
2022-12-04,205,15768,Château de Versailles,0.0,17.0,7.0,70.0,False,,0.804740261560463,0.1270116772142666
2022-12-05,206,16995,Bison d'Europe,5.0,24.0,14.0,72.0,False,,0.6382934157539955,0.11708244984872572
2022-12-06,207,18697,Rat,8.0,27.0,13.0,58.0,False,,0.740786587238312,0.10291095265897371
2022-12-07,208,15733,Respiration,11.0,23.0,11.0,61.0,False,,0.6392870236143928,0.08590048302388179
2022-12-08,209,10696,Euphorbia pulcherrima,9.0,27.0,9.0,61.0,False,,0.43741994445016746,0.05496873519262662
2022-12-09,210,16810,Conflit nord-irlandais,7.0,26.0,8.0,60.0,False,,0.7083553181550681,0.08495267999178077
2022-12-10,211,10560,Athlétisme,0.0,19.0,7.0,71.0,False,,0.6085844970487085,0.0727661802622496
2022-12-11,212,13827,Pandémie de Covid-19,0.0,16.0,13.0,67.0,False,,0.7291940004542794,0.09676903100315341
2022-12-12,213,11256,Socialisation,11.0,30.0,10.0,61.0,False,,0.46219901392627744,0.05075080535937482
2022-12-13,214,17215,Le Caravage,7.0,25.0,14.0,74.0,False,,0.6920794398091654,0.08840504543573056
2022-12-14,215,18128,Mois,5.0,21.0,12.0,74.0,False,,0.7460587207302866,0.10285886769471587
2022-12-15,216,11838,Dust Bowl,7.0,21.0,12.0,66.0,False,,0.4774476408072715,0.0653443280554592
2022-12-16,217,13466,Vélo tout-terrain,11.0,29.0,13.0,71.0,False,,0.581320186593337,0.07580230873245764
2022-12-17,218,8961,Pierre Abélard,0.0,17.0,9.0,65.0,True,,0.5829806051382269,0.08184423105590023
2022-12-18,219,13776,République centrafricaine,0.0,18.0,10.0,56.0,True,,0.78932536444106,0.10091240380026281
2022-12-19,220,12254,Holothurie,5.0,22.0,6.0,52.0,True,,0.5298775950213533,0.060226300470503376
2022-12-20,221,15187,Batman,6.0,24.0,8.0,62.0,True,,0.6638601560181965,0.07303032600359415
2022-12-21,222,14236,Grégoire VII,4.0,25.0,11.0,61.0,True,,0.6230799650152788,0.09195430609781637
2022-12-22,223,16163,Guerres d'Italie,0.0,19.0,12.0,73.0,True,,0.6923619216990724,0.09816992190778052
2022-12-23,224,14705,Constitution des États-Unis,0.0,19.0,10.0,77.0,True,,0.6798477849473176,0.10244270941907044
2022-12-24,225,9904,Dynastie Qin,0.0,21.0,0.0,42.0,True,,0.6384059066121334,0.0673546702975661
2022-12-25,226,11404,Pur-sang,0.0,22.0,7.0,80.0,True,,0.654114938469892,0.08731324972741973
2022-12-26,227,13640,Guerre de tranchées,5.0,22.0,7.0,71.0,True,,0.5666196500765439,0.0896092429725707
2022-12-27,228,13437,Cicéron,4.0,17.0,9.0,71.0,True,,0.5833877306903265,0.06771924256418001
2022-12-28,229,14677,Orange (fleuve),0.0,19.0,11.0,76.0,True,,0.6377888512993239,0.09650973984727505
2022-12-29,230,13960,Éolienne,0.0,20.0,8.0,66.0,True,,0.6065165685827174,0.07126505668717636
2022-12-30,231,12229,Histoire du Viêt Nam,6.0,22.0,13.0,100.0,True,,0.5633691136427283,0.06527339153738063
2022-12-31,232,10928,Train,0.0,21.0,10.0,85.0,True,,0.6793757075630477,0.07609951162643645
2023-01-01,233,14260,Comores (pays),0.0,22.0,8.0,75.0,True,,0.799508439174016,0.095041016595932
2023-01-02,234,13453,Wayne Gretzky,8.0,23.0,11.0,81.0,True,,0.560095427785787,0.05619903288230872
2023-01-03,235,17610,Raisin,8.0,21.5,7.0,68.5,True,,0.7541078360784494,0.0891133851009582
2023-01-04,236,11513,Cybernétique,8.0,26.0,14.0,94.0,False,,0.47054829175972623,0.06484542453714023
2023-01-05,237,16223,Tracteur agricole,6.0,26.0,12.0,75.0,False,,0.6374412530565415,0.09886182953252222
2023-01-06,238,17067,Sirène,8.0,27.0,14.0,100.0,False,,0.7094656269791233,0.10181827319736786
2023-01-07,239,13683,Île de Pâques,0.0,18.0,7.0,76.0,False,,0.7699806092757092,0.09539799700619782
2023-01-08,240,15810,Empire colonial français,6.0,23.0,9.0,69.0,False,,0.7996590524553012,0.09424378803294862
2023-01-09,241,19310,John Lennon,7.0,18.0,15.0,87.0,False,,0.7439355799412803,0.10738705401866715
2023-01-10,242,16817,Plomb,9.0,22.0,18.0,76.0,False,,0.6743381281824159,0.08279471269562932
2023-01-11,243,17200,Sainte-Sophie (Constantinople),7.0,28.0,11.0,68.0,False,,0.6911452582388085,0.0940120979328439
2023-01-12,244,17731,Celtes,10.0,31.0,9.0,64.0,False,,0.6904066446645751,0.09727734784316973
2023-01-13,245,14501,Époque de Heian,9.0,24.0,10.0,59.0,False,,0.615846447163232,0.07995232809123883
2023-01-14,246,13985,Bhoutan,0.0,20.0,8.0,63.0,False,,0.7783804734481967,0.0996384848401878
2023-01-15,247,16965,Genève,0.0,18.0,9.0,73.0,False,,0.8570657071366999,0.11065443432586251
2023-01-16,248,16778,Fossile,5.0,23.0,9.0,56.0,False,,0.6577071421558837,0.08518138675805417
2023-01-17,249,17318,Acier inoxydable,7.0,20.0,16.0,82.0,False,,0.6720722868902174,0.0855253510892834
2023-01-18,250,18287,Conquête normande de l'Angleterre,9.0,25.0,12.0,66.0,False,,0.70996362378253,0.12406923212624739
2023-01-19,251,12986,Réflexion (physique),9.0,23.0,8.0,62.0,False,,0.5213629668619072,0.06626576229876972
2023-01-20,252,18504,Guerre de Quatre-Vingts Ans,6.0,22.0,10.0,78.0,False,,0.7755893529560403,0.12079042401413366
2023-01-21,253,10997,Révolte des cipayes,0.0,19.0,10.0,75.0,False,,0.6157408589640666,0.08526273953459051
2023-01-22,254,14082,Alpes scandinaves,6.0,18.0,14.0,80.0,False,,0.7308476594831762,0.1219978982049017
2023-01-23,255,17528,Duel,6.0,27.0,14.0,77.0,False,,0.6828265388015535,0.07826192415371894
2023-01-24,256,14977,Prisme (optique),10.0,28.0,10.0,58.0,False,,0.5730266746475112,0.08859153144806099
2023-01-25,257,19573,Cubisme,7.0,23.0,12.0,80.0,False,,0.7608184452666102,0.13163262902186873
2023-01-26,258,18846,Seconde guerre des Boers,8.0,20.0,11.0,58.0,False,,0.7695283712170436,0.09527241154528052
2023-01-27,259,15389,Macao,11.0,25.0,10.0,65.0,False,,0.6520660017986857,0.07890896567930593
2023-01-28,260,12297,Bisexualité,0.0,22.0,4.0,56.0,False,,0.6919737167820419,0.09922697700520908
2023-01-29,261,14261,Kayak,0.0,19.0,7.0,62.0,False,,0.7284046223002871,0.11582756089321171
2023-01-30,262,19371,Duché de Bourgogne,9.0,26.0,12.0,57.0,False,,0.7537705680899195,0.09632572084284226
2023-01-31,263,17317,Taj Mahal,6.0,22.0,13.0,75.0,False,,0.6771411826394427,0.08352853401983393
2023-02-01,264,16729,Art brut,8.0,26.0,11.0,64.0,False,,0.6053584283420744,0.07979288237590386
2023-02-02,265,18897,Tamoul,8.0,28.0,6.0,69.0,False,,0.6921073414566595,0.07552035577678598
2023-02-03,266,17781,Somalie,12.0,25.0,12.0,66.0,False,,0.6629975087351114,0.10136847171304225
2023-02-04,267,13162,Léopard,6.0,22.0,9.0,60.0,True,,0.723159470488879,0.09805976704698152
2023-02-05,268,14218,Musique country,0.0,20.0,8.0,75.0,True,,0.6963446597160011,0.12036661066890204
2023-02-06,269,16070,Calmar,8.0,26.0,11.0,64.0,True,,0.5985704137678749,0.06202768845629986
2023-02-07,270,15530,Eugène de Savoie-Carignan,8.0,28.0,11.0,66.0,True,,0.5747156482920273,0.07855513487345528
2023-02-08,271,15582,Opium,12.0,30.0,14.0,73.0,True,,0.5880367156730126,0.08510863661670653
2023-02-09,272,20320,Fluor,11.0,25.0,13.0,62.0,True,,0.7681382531139974,0.08669096064309587
2023-02-10,273,14835,Chronologie,9.0,23.0,13.0,61.0,True,,0.6038049234684512,0.08836767622703671
2023-02-11,274,14033,Biélorussie,5.0,19.0,12.0,75.0,True,,0.7564349505760083,0.10609028954575804
2023-02-12,275,15812,Formule 1,0.0,22.0,11.0,76.0,True,,0.7828454605030793,0.09970984773276854
2023-02-13,276,16813,Génocide arménien,10.0,29.0,10.0,61.0,True,,0.6245943527281943,0.0848166939190905
2023-02-14,277,10904,Séisme du 1er novembre 1755 à Lisbonne,7.0,28.0,10.0,60.0,True,,0.41421319926156674,0.05053559321527831
2023-02-15,278,14086,Résistance (composant),10.0,28.0,15.0,78.0,True,,0.5532520700110783,0.06551003222970996
2023-02-16,279,14849,Anoures,10.0,27.0,9.0,58.0,True,,0.5640296820869484,0.07190745232553421
2023-02-17,280,13529,Force de Coriolis,9.0,30.0,13.0,65.0,True,,0.5505873442629948,0.07262555879264954
2023-02-18,281,8995,Déterminisme,7.0,23.0,7.0,63.0,True,,0.4936587032780248,0.06522034069776016
2023-02-19,282,2530,Môle (poisson),0.0,16.0,7.0,58.0,True,,0.12945502362196198,0.017584371571448532
2023-02-20,283,7959,Guerre du Biafra,8.0,24.0,13.0,71.0,True,,0.29756026719035633,0.04255239733407535
2023-02-21,284,12405,Rugby à XIII,8.0,26.0,9.0,57.0,True,,0.4646022913608249,0.05971531586794417
2023-02-22,285,17233,Ienisseï,8.0,24.0,10.0,69.0,True,,0.6681032651931094,0.1003230801886001
2023-02-23,286,16046,Raj britannique,7.0,24.0,13.0,67.0,True,,0.6112813085471733,0.07951245354897131
2023-02-24,287,14848,Psychanalyse,8.0,23.0,8.0,59.0,True,,0.5956079164594986,0.08521444291303441
2023-02-25,288,13999,Libye,0.0,22.0,5.0,53.0,True,,0.7233607230846538,0.14152239679055878
2023-02-26,289,15244,Slaves,5.0,22.0,6.0,49.0,True,,0.7611563125399252,0.10700619722249038
2023-02-27,290,17061,Sismologie,7.0,28.0,11.0,66.0,True,,0.6312718048274184,0.07808283660364994
2023-02-28,291,15614,Menthe,9.0,30.0,15.0,64.0,True,,0.5735085161132067,0.08931625016154227
2023-03-01,292,19075,Mario (personnage),9.0,26.0,12.0,65.0,True,,0.7360833827771069,0.11482338466595947
2023-03-02,293,19825,Mékong,6.0,21.0,10.0,68.0,True,,0.7406483945051561,0.11455353725450493
2023-03-03,294,13814,Trochilidae,11.0,26.0,16.0,77.0,True,,0.5940858518604738,0.07412260791795452
2023-03-04,295,14066,Namibie,0.0,17.0,6.0,57.0,True,,0.7616583124225205,0.1329900814471104
2023-03-05,296,14446,Dodo (oiseau),9.0,17.0,9.0,77.0,True,,0.7294750495526953,0.1129971035737692
2023-03-06,297,14613,Stratigraphie,8.0,31.0,11.0,60.0,True,,0.5576786065325307,0.08380178648518619
2023-03-07,298,17961,Trinité (christianisme),8.0,25.0,11.0,52.0,False,,0.6362648981973398,0.09373132933266952
2023-03-08,299,16096,Bertrand Russell,10.0,27.0,13.0,72.0,False,,0.5951831562228385,0.08021742035694468
2023-03-09,300,19450,Sept Merveilles du monde,7.0,27.0,12.0,76.0,False,,0.6836751758043762,0.09995128454869524
2023-03-10,301,14808,Conscription,8.0,23.0,12.0,77.0,False,,0.5636912766383649,0.07662461499792193
2023-03-11,302,12898,Kazakhstan,5.0,18.0,7.0,65.0,False,,0.6650748644872219,0.09583264766155908
2023-03-12,303,14255,Navajos,5.0,19.0,7.0,69.0,False,,0.6907174964797923,0.09243268341459052
2023-03-13,304,18986,Iode,6.0,23.0,10.0,59.0,False,,0.6741458638582148,0.08585470566714803
2023-03-14,305,17637,Relativité générale,9.0,26.0,10.0,70.0,False,,0.6307703312165281,0.08857838934519553
2023-03-15,306,16618,Antananarivo,7.0,22.0,12.0,72.0,False,,0.6133114850272078,0.09226393352497023
2023-03-16,307,16916,Galaxie du Triangle,6.0,27.0,14.0,59.0,False,,0.6143490963819128,0.08748621960442503
2023-03-17,308,14971,Patate douce,10.0,27.0,11.0,57.0,False,,0.5753411245955878,0.07621119418636074
2023-03-18,309,12047,Reggae,6.0,16.0,10.0,64.0,False,,0.6194375759943512,0.07544795373799082
2023-03-19,310,13722,Aconcagua,0.0,16.0,7.0,53.0,False,,0.6572786715775828,0.088055955717183
2023-03-20,311,15333,Vaccination,9.0,27.0,13.0,57.0,False,,0.5449461801804778,0.07066514750925595
2023-03-21,312,16213,Échelle des temps géologiques,10.0,29.0,9.0,60.0,False,,0.5966766409912265,0.07618501270874842
2023-03-22,313,15755,Musique médiévale,7.0,31.0,9.0,57.0,False,,0.5906360106896712,0.07996997876864056
2023-03-23,314,14336,Pterosauria,10.0,30.0,11.0,61.0,False,,0.5156215879781766,0.06439091957366298
2023-03-24,315,16051,Mythologie grecque,8.0,30.0,11.0,64.0,False,,0.6035525594148612,0.08543912708829263
2023-03-25,316,11164,Symphonie no 8 de Mahler,0.0,19.0,9.0,54.0,False,,0.573249019236654,0.07845147228060027
2023-03-26,317,11006,Cholestérol,5.0,20.0,5.0,66.0,False,,0.5378588605903584,0.06957061331130499
2023-03-27,318,13371,Urartu,13.0,32.0,16.0,74.0,False,,0.4723304763251696,0.06598995151373666
2023-03-28,319,12517,Métrologie,12.0,27.0,15.0,66.0,False,,0.44883181262868627,0.06181873319704844
2023-03-29,320,16982,Sclérose en plaques,12.0,26.0,10.0,52.0,False,,0.6207554511808452,0.07976575613220799
2023-03-30,321,17556,Google,11.0,24.0,15.0,65.0,False,,0.6347944093888228,0.08201804043912411
2023-03-31,322,17520,Traité de Versailles,8.0,25.0,14.0,68.0,False,,0.6456016612093713,0.11663690573058842
2023-04-01,323,10397,Wikipédia,6.0,17.0,7.0,50.0,False,,0.574885178628963,0.07211219950087629
2023-04-02,324,12883,Radiothérapie,7.0,16.0,8.0,55.0,False,,0.6409348488557418,0.09193640641135098
2023-04-03,325,20444,Mali,9.0,30.0,14.0,76.0,False,,0.7416169725309271,0.12124805939832634
2023-04-04,326,16398,Disque dur,13.5,28.5,16.5,66.0,False,,0.6067564804933474,0.08048261295539541
2023-04-05,327,19456,Élisabeth II,13.0,28.0,16.0,79.0,False,,0.7196745675368799,0.10563673546142283
2023-04-06,328,13322,Puritanisme,12.0,39.0,15.0,88.0,False,,0.48524596315338886,0.08475891354812937
2023-04-07,329,13995,Mouammar Kadhafi,13.0,43.0,17.0,86.0,False,,0.5609048986466739,0.06360208106431946
2023-04-08,330,11987,Che Guevara,9.0,27.0,0.0,75.0,True,,0.665219026517731,0.08042746920386877
2023-04-09,331,12217,Athéna,8.0,28.0,7.0,71.0,True,,0.6488214675261538,0.0802506507667229
2023-04-10,332,15965,Toronto,7.0,22.0,9.0,77.0,True,,0.6276779978415115,0.08956930836780705
2023-04-11,333,16536,Pégase,12.0,41.0,14.0,80.0,True,,0.6466327696196325,0.09667289311294766
2023-04-12,334,19410,Histoire de la Chine,9.0,30.0,12.0,68.0,True,,0.7528581865534826,0.11031514078566916
2023-04-13,335,16616,Domitien,10.0,27.0,12.0,64.0,True,,0.6522260089100648,0.09145959016584654
2023-04-14,336,15413,Otton Ier (empereur du Saint-Empire),9.0,37.0,15.0,78.0,True,,0.645271896893693,0.09473402743411632
2023-04-15,337,8723,Potentiel thermodynamique,0.0,40.0,11.0,82.0,True,,0.48728373848328127,0.06108784646846529
2023-04-16,338,16389,Conquête de l'Ouest,0.0,24.0,9.0,86.0,True,,0.8254424509643408,0.086100992955218
2023-04-17,339,17843,Chimpanzé,14.0,27.0,9.0,58.0,True,,0.691267197782443,0.09148167112528299
2023-04-18,340,15557,Hicham El Guerrouj,9.0,32.0,16.0,91.0,True,,0.6402721376930713,0.08471234434336675
2023-04-19,341,20072,Bretagne,7.0,28.0,8.0,60.0,True,,0.7868768049182234,0.10143859208413496
2023-04-20,342,18214,Rhinocéros,8.0,34.0,12.0,86.0,True,,0.7263973646786094,0.09729707591654653
2023-04-21,343,14882,Mombasa,6.0,34.0,9.0,100.0,True,,0.6224443555915563,0.09066986673652168
2023-04-22,344,12724,Édouard III,10.0,21.0,10.0,68.0,True,,0.7077964205082986,0.10196512913848653
2023-04-23,345,11312,Zombie,9.0,28.0,0.0,80.0,True,,0.585042201015218,0.07516892388858881
2023-04-24,346,18268,Mars (mythologie),6.0,31.0,16.0,89.0,True,,0.7099666066902888,0.0936250711162161
2023-04-25,347,13849,Baliste,13.0,38.0,14.0,67.0,True,,0.5309186660252623,0.07398043745393461
2023-04-26,348,19945,Maroc,12.0,32.0,17.0,85.0,True,,0.7769235333954048,0.0892070295124593
2023-04-27,349,18796,Liechtenstein,15.0,24.0,13.0,98.0,True,,0.7212150167295599,0.10592831174924425
2023-04-28,350,14674,Cirque,8.0,35.0,19.0,95.0,True,,0.6083319392469708,0.09378495379299612
2023-04-29,351,12667,Union africaine,8.0,22.0,0.0,71.0,True,,0.6913818126910386,0.1037657599255705
2023-04-30,352,13597,Cameroun,0.0,24.0,8.0,67.0,True,,0.6863941917516604,0.10738525714844185
2023-05-01,353,15738,Mayotte,9.0,22.0,10.0,83.0,True,,0.6488897090018043,0.09369994989711525
2023-05-02,354,17098,Sphinx,9.0,30.0,14.0,73.0,True,,0.6981362405627024,0.09644120398399818
2023-05-03,355,17367,Sanglier,14.0,26.0,17.0,63.0,True,,0.739394326742857,0.10734066245835815
2023-05-04,356,16834,Berbères,11.0,29.0,13.0,73.0,True,,0.7043807371616142,0.11125926528903969
2023-05-05,357,14204,Walter Scott,10.0,35.0,11.0,76.0,True,,0.6479757472149478,0.09312342486052236
2023-05-06,358,7661,Essai randomisé contrôlé,0.0,32.0,7.0,61.0,True,,0.4661858458622781,0.06311484767718412
2023-05-07,359,11764,Khmers rouges,8.0,22.0,7.0,61.0,True,,0.6736920599937049,0.08607008857851293
2023-05-08,360,12539,Recyclage,10.0,25.0,8.0,63.0,True,,0.520937740035481,0.07278979367881555
2023-05-09,361,17767,Jean sans Terre,10.0,27.0,14.0,75.0,True,,0.757298578772288,0.09642164392817455
2023-05-10,362,15204,Cumulus,16.0,37.0,14.0,83.0,False,,0.6142129317182158,0.08452777433856042
2023-05-11,363,15783,Passeport,12.0,38.0,7.0,72.0,False,,0.6258912293307336,0.08328351959858188
2023-05-12,364,13695,Charrue,12.0,30.0,14.0,79.0,False,,0.5795226142614565,0.08384559560006435
2023-05-13,365,10832,Arc (arme),9.0,24.0,8.0,88.0,False,,0.6372366841283286,0.09900677495500942
2023-05-14,366,8459,Tantrisme,15.0,29.0,7.0,67.0,False,,0.4435716625186539,0.06444207321065018
2023-05-15,367,13392,General Electric,17.0,44.0,9.0,61.0,False,,0.5113116069032981,0.07444301637890521
2023-05-16,368,15869,François Rabelais,12.0,35.0,14.0,69.0,False,,0.6241772437328862,0.08568932145219531
2023-05-17,369,13722,Publicité,13.0,35.0,15.0,55.0,False,,0.5449415312327522,0.07429684388043395
2023-05-18,370,10093,Balance (instrument),0.0,30.0,8.0,54.0,False,,0.3983637983544522,0.05467618943522054
2023-05-19,371,9763,Trouble anxieux,10.0,31.0,10.0,57.0,False,,0.4160270622945874,0.054941310838948064
2023-05-20,372,8670,Transistor,11.0,34.0,10.0,72.0,False,,0.501920889811825,0.058532880508476645
2023-05-21,373,9744,Héraldique,11.0,29.0,10.0,57.0,False,,0.5097926355688334,0.07200820848581059
2023-05-22,374,11898,Variable aléatoire à densité,13.0,37.0,14.0,74.0,False,,0.4597284211746991,0.06193187031497104
2023-05-23,375,16975,Mont Kenya,8.0,31.0,6.0,56.0,False,,0.665823310752272,0.08107082419259883
2023-05-24,376,13852,Roch Hachana,10.0,41.0,13.0,62.0,False,,0.5597151074187035,0.0680842589531468
2023-05-25,377,12677,Temple de Borobudur,11.0,35.0,14.0,70.0,False,,0.5097625372526889,0.06585867739040377
2023-05-26,378,15335,Front de l'Est (Seconde Guerre mondiale),11.0,33.0,10.0,68.0,False,,0.6284476560787824,0.09511789571107801
2023-05-27,379,9608,Pierre de Rosette,0.0,21.0,7.0,74.0,False,,0.5384463546998839,0.07494365677847989
2023-05-28,380,8729,Angiosperme,14.0,23.0,9.0,62.0,False,,0.4618421146426402,0.06094300663001993
2023-05-29,381,13224,Grégoire Ier,7.0,22.0,7.0,43.0,False,,0.5017748339460734,0.06599544925234084
2023-05-30,382,12218,Particule matérielle,13.0,40.0,8.0,66.0,False,,0.4787899748679117,0.07129842245427974
2023-05-31,383,17437,Liban,8.0,35.0,13.0,61.0,False,,0.6884396024121795,0.095439633908321
2023-06-01,384,15693,Aurore polaire,10.0,24.0,10.0,68.0,False,,0.5793081111129628,0.08945742808108141
2023-06-02,385,11855,Blizzard (météorologie),12.0,35.0,12.0,78.0,False,,0.46990565538348295,0.06831453688633474
2023-06-03,386,9473,Puissance (physique),7.0,24.0,9.0,77.0,False,,0.5194870396599353,0.07511937068910228
2023-06-04,387,8995,Habitat (écologie),0.0,21.0,8.0,86.0,False,,0.4404652960098902,0.06571172849231233
2023-06-05,388,11010,Transformations de Lorentz,20.0,49.0,10.0,74.0,False,,0.4025767507820339,0.05569795053521481
2023-06-06,389,11914,Transformateur électrique,12.0,38.0,11.0,56.0,False,,0.4329500293960175,0.06674582012818499
2023-06-07,390,13331,Rayonnement du corps noir,10.0,36.0,13.0,70.0,False,,0.5218284456588229,0.07953647408829642
2023-06-08,391,10857,Diagramme de phase,18.0,38.0,8.0,54.0,False,,0.4497475759246974,0.10392762587247242
2023-06-09,392,13624,Troie,12.0,30.0,12.0,62.0,False,,0.5464858465908042,0.08063299701667928
2023-06-10,393,8023,Livre de Kells,7.0,27.0,10.0,45.0,False,,0.4321959204816043,0.05645927854913555
2023-06-11,394,11396,Psychose (film),12.0,25.0,10.0,73.0,False,,0.5632749992171991,0.08559499243208714
2023-06-12,395,12954,Principe de relativité,9.0,36.0,10.0,84.0,False,,0.4664931600441963,0.062316345767426
2023-06-13,396,15909,Vercingétorix,9.0,27.0,18.0,69.0,False,,0.5871550064345582,0.08804643443781078
2023-06-14,397,11992,Méthanal,7.0,35.0,8.0,71.0,False,,0.4701904761063502,0.06621449470655459
2023-06-15,398,14602,James Bond,10.0,33.0,12.0,65.0,False,,0.5504334232606083,0.0711650322292789
2023-06-16,399,14770,Judo,7.0,32.0,0.0,56.0,False,,0.5646869047531009,0.08762008373605482
2023-06-17,400,9830,Dubaï (ville),0.0,29.0,7.0,65.0,False,,0.5279455013738991,0.07216212779815555
2023-06-18,401,11285,Nintendo,8.0,25.0,0.0,79.0,False,,0.5555098058933021,0.08146457448767737
2023-06-19,402,13819,Zhou Enlai,14.0,32.0,6.0,65.0,False,,0.5038997506750673,0.07296037074030236
2023-06-20,403,12669,Linux,12.0,29.0,12.0,74.0,False,,0.4544383588107432,0.07499059450212237
2023-06-21,404,12746,Charia,12.0,36.0,12.0,61.0,False,,0.4777781219021468,0.06948856460185789
2023-06-22,405,12446,Électrostatique,11.0,43.0,0.0,56.0,False,,0.47433629948952044,0.0667674235479962
2023-06-23,406,13576,Accouchement,8.0,32.0,0.0,54.0,False,,0.5699996550061313,0.08375490882547819
2023-06-24,407,6890,Assembleur,0.0,34.0,0.0,59.0,False,,0.37486450003665867,0.054880792261974426
2023-06-25,408,10139,Extinction Crétacé-Paléogène,0.0,33.0,0.0,56.0,False,,0.5046285829050716,0.07223637865084803
2023-06-26,409,14125,Dynastie Ming,11.0,31.0,7.0,58.0,False,,0.5083963112703894,0.07086031055377393
2023-06-27,410,15331,Livre de la Genèse,9.0,27.0,7.0,49.0,False,,0.5557154243983956,0.07844574291198911
2023-06-28,411,16538,Guyane,14.0,37.0,11.0,59.0,False,,0.6321099286160216,0.08468197822471689
2023-06-29,412,12238,Loi normale,15.0,35.0,12.0,66.0,False,,0.4530945290909046,0.06501311611605876
2023-06-30,413,9735,Ghetto,17.0,35.0,11.0,69.0,False,,0.3836767107525616,0.06096293865437103
2023-07-01,414,6689,Productivité,9.0,26.0,7.0,63.0,False,,0.3706330072355616,0.06157863471642003
2023-07-02,415,10670,John Keats,9.0,23.0,7.0,57.0,False,,0.5129024840771367,0.08223404869041345
2023-07-03,416,16354,Venise,11.0,23.0,13.0,67.0,False,,0.5975305219104312,0.09010699048373737
2023-07-04,417,12333,Polynôme,19.0,37.0,8.0,63.5,False,,0.44857905151138816,0.07002614012715691
2023-07-05,418,13399,Kareem Abdul-Jabbar,9.0,35.0,8.0,55.0,False,,0.4979724218921224,0.07406619297042943
2023-07-06,419,14631,Central Park,9.0,25.0,13.0,66.0,False,,0.5377154204538147,0.08169200066790967
2023-07-07,420,10702,Ea (divinité),13.0,37.0,8.0,71.0,False,,0.41674408905824406,0.06513839178853172
2023-07-08,421,9403,Premiers Hommes modernes en Europe,7.0,24.0,7.0,54.0,True,,0.534271058192885,0.08174213434407655
2023-07-09,422,10208,BBC,15.0,38.0,0.0,56.0,True,,0.554487185731883,0.07671989429617529
2023-07-10,423,16209,Guillaume le Conquérant,12.0,36.0,9.0,69.0,True,,0.6215701574130243,0.093604935265088
2023-07-11,424,11188,Théorie des représentations,14.0,38.0,8.0,66.0,True,,0.43578456729276327,0.07351443381598928
2023-07-12,425,17265,Los Angeles,0.0,35.0,9.0,62.0,True,,0.6816680957882093,0.11364260520429033
2023-07-13,426,14409,Guépard,12.0,34.0,14.0,81.0,True,,0.571705982367664,0.08397026305113535
2023-07-14,427,9030,Bollywood,9.0,25.0,12.0,81.0,True,,0.3754743283558689,0.06297756664509016
2023-07-15,428,9975,Dragon de Komodo,0.0,21.0,0.0,51.0,True,,0.549608357545435,0.09572383766581165
2023-07-16,429,10172,Henry Fielding,8.0,29.0,0.0,60.0,True,,0.5242768446133509,0.09346440711153994
2023-07-17,430,11952,Sassanides,14.0,39.0,11.0,72.0,True,,0.4597319477943474,0.06683961404092174
2023-07-18,431,12274,Risorgimento,8.0,31.0,11.0,78.0,True,,0.47633527111462654,0.0785035774739726
2023-07-19,432,12447,Université de Kyoto,6.0,44.0,17.0,70.0,True,,0.49955089650155704,0.08322307639240369
2023-07-20,433,12246,Roms,11.0,34.0,0.0,81.0,True,,0.48756273068724826,0.07356574346055053
2023-07-21,434,13616,Cour internationale de justice,12.0,34.0,15.0,69.0,True,,0.5600819163208937,0.09607696517650521
2023-07-22,435,8426,Acide aminé,0.0,18.0,0.0,51.0,True,,0.4782188836409868,0.07074614097605597
2023-07-23,436,11648,Glucose,13.0,23.0,11.0,73.0,True,,0.6046657290931691,0.08926725234527372
2023-07-24,437,14699,Opéra de Sydney,9.0,36.0,12.0,66.0,True,,0.564089234602075,0.08149863218453077
2023-07-25,438,10352,Coelacanthiformes,15.0,37.0,8.0,61.0,True,,0.4024321281275417,0.06751345746305787
2023-07-26,439,14751,Guerre du Péloponnèse,11.0,28.0,8.0,57.0,True,,0.5851618081154814,0.08950815334817189
2023-07-27,440,13177,Mauna Loa,12.0,32.0,0.0,82.0,True,,0.5131864786129321,0.0790271991342366
2023-07-28,441,15894,Berlin,0.0,23.0,14.0,83.0,True,,0.6674121623202318,0.10323000051036743
2023-07-29,442,8115,Goutte (maladie),11.0,28.0,8.0,69.0,True,,0.474025593941748,0.07131919713939615
2023-07-30,443,12493,Naufrage du Titanic,8.0,31.0,10.0,80.0,True,,0.6459889715752698,0.08807816355535661
2023-07-31,444,12955,Analyse vectorielle,9.0,25.0,13.0,76.0,True,,0.4964327204681746,0.06709010128158305
2023-08-01,445,15614,Amour (fleuve),10.0,37.0,10.0,84.0,True,,0.6328214192834651,0.09803565156610998
2023-08-02,446,10850,Bahaïsme,12.0,45.0,8.0,61.0,True,,0.4572958977600667,0.07155920617075402
2023-08-03,447,12067,Scoutisme,14.0,31.0,9.0,74.0,True,,0.5084691720582056,0.07012998177405892
2023-08-04,448,12517,Imagerie par résonance magnétique,11.0,39.0,12.0,98.0,True,,0.5550902900891042,0.1033863981537579
2023-08-05,449,9285,Nitrate d'ammonium,0.0,22.0,11.0,100.0,True,,0.5675086677526022,0.07612526757716184
2023-08-06,450,12959,Îles Canaries,7.0,23.0,0.0,72.0,True,,0.7294900673470983,0.09798508768483838
2023-08-07,451,14594,Gibraltar,0.0,29.0,12.0,77.0,True,,0.5922492826060283,0.08457703178552645
2023-08-08,452,13838,Social-démocratie,8.0,37.0,10.0,71.0,True,,0.5807637331019876,0.07518936194711778
2023-08-09,453,11370,Brasage,8.0,41.0,9.0,76.0,True,,0.48222362595636065,0.07691677400069395
2023-08-10,454,14053,Kazan,8.0,29.0,13.0,86.0,True,,0.5906266629518684,0.08634588505988894
2023-08-11,455,10968,Rio Paraná,10.0,36.0,0.0,63.0,True,,0.49291692062683967,0.0686219100336246
2023-08-12,456,11008,Physique nucléaire,0.0,26.0,11.0,78.0,True,,0.6788703399498368,0.10388267910786275
2023-08-13,457,9804,Enregistrement sonore,9.0,32.0,9.0,73.0,True,,0.5482488202669261,0.0751757474860318
2023-08-14,458,13172,Mandarin (langue),10.0,22.0,7.0,57.0,True,,0.536629946177736,0.07438817673511232
2023-08-15,459,8630,Huángdì,12.0,25.0,6.0,78.0,True,,0.3539783670534308,0.05702408091286205
2023-08-16,460,14061,Orang-outan,9.0,34.0,7.0,88.0,True,,0.5905753574949811,0.08991965957321654
2023-08-17,461,12373,Curium,11.0,41.0,7.0,74.0,True,,0.5223327689630306,0.08707533294479193
2023-08-18,462,15080,Histoire de l'Afrique du Sud,11.0,30.0,10.0,69.0,True,,0.6556904800454784,0.10335002653491623
2023-08-19,463,9053,Ménopause,8.0,38.0,9.0,73.0,True,,0.5373048371753206,0.08328143662687104
2023-08-20,464,13294,Indochine française,0.0,33.0,8.0,60.0,True,,0.7291865802972343,0.0991122229251166
2023-08-21,465,14895,Tomate,9.0,30.0,7.0,67.0,True,,0.5930299174800123,0.09083967465741151
2023-08-22,466,13480,Groupe sanguin,10.0,30.0,16.0,90.0,True,,0.5489849673180347,0.07143270415812351
2023-08-23,467,13319,Hypothèse de la nébuleuse,15.0,39.0,7.0,81.0,True,,0.5585028463547668,0.08377170939467812
2023-08-24,468,18165,Équateur (pays),8.0,33.0,14.0,89.0,True,,0.73426170919639,0.11731183588644392
2023-08-25,469,16059,Attentats du 11 septembre 2001,7.0,25.0,12.0,69.0,True,,0.6853820369151431,0.12255024146599919
2023-08-26,470,10363,Cinéma russe et soviétique,10.0,30.0,8.0,57.0,True,,0.6154251789979951,0.09416266454305144
2023-08-27,471,14069,Haïti,0.0,29.0,12.0,66.0,True,,0.7570127448809009,0.12128648785772987
2023-08-28,472,18369,Sénégal,9.0,28.0,11.0,80.0,True,,0.7307893277889613,0.0928535915986472
2023-08-29,473,14979,Johannes Vermeer,11.0,28.0,7.0,61.0,True,,0.6021480717410539,0.09806861326636383
2023-08-30,474,14434,Attila,11.0,33.0,13.0,83.0,True,,0.5994732405915074,0.09262857046885724
2023-08-31,475,13984,Haruki Murakami,8.0,37.0,15.0,69.0,True,,0.5765033875962903,0.0807246634651669
2023-09-01,476,15164,Bogota,7.0,35.0,13.0,85.0,True,,0.6801450698059932,0.10394884949731624
2023-09-02,477,7967,Mystères d'Éleusis,0.0,25.0,0.0,54.0,True,,0.47330173165523876,0.07740396381651653
2023-09-03,478,14439,Chicago,0.0,23.0,9.0,57.0,True,,0.7800594688209153,0.1266821908273685
2023-09-04,479,12291,Fichier informatique,11.0,32.0,8.0,59.0,True,,0.49673528332440753,0.08272853045436228
2023-09-05,480,15507,Seconde guerre italo-éthiopienne,12.0,33.0,0.0,73.0,False,,0.5880321973993761,0.09731742794339075
2023-09-06,481,13806,Acide acétique,9.0,39.0,8.0,71.0,False,,0.5418566762734035,0.08137318694719949
2023-09-07,482,16787,Orque,10.0,33.0,13.0,65.0,False,,0.6414814642231774,0.1047021110709524
2023-09-08,483,11400,Teotihuacan,10.0,33.0,11.0,65.0,False,,0.48229196384723,0.06304153040994827
2023-09-09,484,9430,Conventions de Genève,0.0,22.0,18.0,67.0,False,,0.5266022083552794,0.0792949269625891
2023-09-10,485,8791,Déterminant (mathématiques),8.0,31.0,7.0,63.0,False,,0.4610319224227799,0.06019368876426824
2023-09-11,486,11314,Transformation de Laplace,17.0,37.0,9.0,56.0,False,,0.4307625345695336,0.06406518617489312
2023-09-12,487,15708,Suzanne Lenglen,10.0,25.0,10.0,72.0,False,,0.5911519157773454,0.1008032971778466
2023-09-13,488,15806,Odin,9.0,31.0,0.0,61.0,False,,0.624789996945146,0.11583121027421783
2023-09-14,489,15603,Morse (animal),13.0,25.0,9.0,63.0,False,,0.6042835995919464,0.10115526374278286
2023-09-15,490,11611,Équations de Maxwell,14.0,35.0,12.0,65.0,False,,0.4838563439827905,0.07486002450422106
2023-09-16,491,11197,Poisson rouge,9.0,21.0,12.0,53.0,False,,0.6137550542984176,0.10210320201012581
2023-09-17,492,12566,Anubis,13.0,21.0,0.0,49.0,False,,0.6374487878008985,0.10863113317914352
2023-09-18,493,14113,Guerres d'indépendance hispano-américaines,13.0,50.0,16.0,84.0,False,,0.5293027696341769,0.08383054263424307
2023-09-19,494,15245,Secte,16.0,46.0,18.0,75.0,False,,0.5915338023427752,0.10157320475987779
2023-09-20,495,16404,Course d'orientation,11.0,36.0,9.0,53.0,False,,0.6475795912685418,0.09339989325029441
2023-09-21,496,15178,Saturn V,10.0,46.0,11.0,74.0,False,,0.5755399853893358,0.09172766787273624
2023-09-22,497,16674,Macédoine du Nord,11.0,31.0,15.0,74.0,False,,0.685352763686124,0.11736647872752272
2023-09-23,498,10374,Vodka,7.0,23.0,0.0,60.0,False,,0.5760052760556433,0.07625374656785741
2023-09-24,499,14739,Athènes,0.0,23.0,0.0,69.0,False,,0.7406014738381496,0.10159573169557477
2023-09-25,500,18818,Rotterdam,13.0,27.0,13.0,68.0,False,,0.7058783657084121,0.10990075697396776
2023-09-26,501,13522,Cactaceae,12.0,36.0,15.0,58.0,False,,0.5170568556315374,0.07390089942852154
2023-09-27,502,14445,Moment d'inertie,15.0,45.0,12.0,63.0,False,,0.5606912729656858,0.08698681044146409
2023-09-28,503,13465,Quartz (minéral),13.0,50.0,19.0,86.0,False,,0.5370463693202162,0.10488665459469013
2023-09-29,504,16724,Victoria (reine),8.0,31.0,12.0,63.0,False,,0.6615175993657285,0.12854040999828031
2023-09-30,505,9466,Castes en Inde,10.0,25.0,7.0,63.0,False,,0.5150390551570755,0.08721274895905046
2023-10-01,506,12782,Dromadaire,8.5,21.5,9.0,53.5,False,,0.5589452631864288,0.08916141409717379
2023-10-02,507,13397,Kumbh Mela,10.0,38.0,12.0,67.5,False,,0.44674270641734776,0.06164420797850464
2023-10-03,508,14180,Intrication quantique,10.0,30.0,14.0,71.0,False,,0.45501059167732927,0.08204847419533588
2023-10-04,509,13447,Élite,14.0,39.0,9.0,59.0,False,,0.45420189458706534,0.0746607443972519
2023-10-05,510,12914,Quaker,11.0,37.0,14.0,50.0,False,,0.44095002679722295,0.06236057555946896
2023-10-06,511,13756,Martin Heidegger,13.0,34.0,16.0,71.0,False,,0.48475693967585115,0.0796726473643802
2023-10-07,512,8995,Trouble bipolaire,0.0,22.0,12.0,52.0,False,,0.42690146160713166,0.06858745681523216
2023-10-08,513,10419,Mouvement social,7.0,20.0,7.0,56.0,False,,0.46761284298513645,0.06784078695181524
2023-10-09,514,15559,Tianjin,10.0,33.0,11.0,57.0,False,,0.5060591276807886,0.08056009172417918
2023-10-10,515,14078,Grand collisionneur de hadrons,14.0,35.0,15.0,67.0,False,,0.4547741250749121,0.07439850098302327
2023-10-11,516,15399,Infarctus du myocarde,8.0,36.0,8.0,64.0,False,,0.511792595268056,0.08912099164735758
2023-10-12,517,19687,Côte d'Ivoire,13.0,28.0,13.0,59.0,False,,0.6328614444015027,0.10544411018763539
2023-10-13,518,15591,Biathlon,13.0,33.0,13.0,62.0,False,,0.5515711854479244,0.08677502551947368
2023-10-14,519,9602,Charbon de bois,7.0,25.0,10.0,56.0,False,,0.4536668258554116,0.07049550767049469
2023-10-15,520,8345,Optimisation linéaire,13.0,28.0,7.0,43.0,False,,0.4008195829616181,0.08963085809328349
2023-10-16,521,15568,Homéopathie,13.0,33.0,14.0,71.0,False,,0.4888689423491374,0.09297657621744411
2023-10-17,522,13011,Parallélisme (informatique),12.0,42.0,8.0,60.0,False,,0.430061212195741,0.06588722561849256
2023-10-18,523,20492,Histoire de l'aviation,12.0,32.0,16.0,67.0,False,,0.6765445345489683,0.11705658590961161
2023-10-19,524,20298,Martinique,12.0,34.0,13.0,73.0,False,,0.6568465373720036,0.10809398138496538
2023-10-20,525,14129,Ethernet,16.0,32.0,11.0,62.0,False,,0.5037108744637879,0.07019054267352938
2023-10-21,526,8736,Aphidoidea,6.0,29.0,7.0,58.0,True,,0.44239685638365767,0.07171585142758644
2023-10-22,527,12273,Fantasy,7.0,25.0,8.0,63.0,True,,0.5726307362655673,0.10730872456374613
2023-10-23,528,18439,Foudre,15.0,43.0,12.0,59.0,True,,0.6310457003266146,0.10931983528459553
2023-10-24,529,20402,Boxe,11.0,31.0,11.0,50.0,True,,0.6940310204771423,0.12882065078860894
2023-10-25,530,17069,Torture,13.0,39.0,16.0,71.0,True,,0.6143461129789173,0.10442349949445558
2023-10-26,531,14046,Expérience de la goutte d'huile de Millikan,12.0,43.0,11.0,66.0,True,,0.5118626953400398,0.07685450427710559
2023-10-27,532,18844,Coupe du monde de rugby à XV,7.0,30.0,15.0,74.0,True,,0.7405433532647098,0.11408852472553639
2023-10-28,533,9313,Cellulose,8.0,21.0,7.0,51.0,True,,0.47523210039569813,0.07498668235269769
2023-10-29,534,12673,Machine,12.0,20.0,11.0,64.0,True,,0.5921183072242046,0.09992781292929313
2023-10-30,535,17280,Révolution russe de 1905,0.0,24.0,14.0,66.0,True,,0.6066468436898442,0.08939895270478024
2023-10-31,536,16387,Skateboard,6.0,30.0,15.0,56.0,True,,0.5679546210362226,0.1033776451968432
2023-11-01,537,11607,Plomberie,7.0,29.0,8.0,54.0,True,,0.45491771138931647,0.09381123927505423
2023-11-02,538,18868,Vitesse du son,7.0,32.0,9.0,69.0,True,,0.7158935822494769,0.11102917413698704
2023-11-03,539,17664,Oslo,0.0,26.0,6.0,54.0,True,,0.7178069132697457,0.11211328219229133
2023-11-04,540,14286,Lion,6.0,24.0,0.0,69.0,True,,0.7504216463636397,0.13284099406582697
2023-11-05,541,14057,Histoire de l'Éthiopie,0.0,23.0,6.0,59.0,True,,0.6961198055523342,0.12696360077670515
2023-11-06,542,19815,Histoire du Pakistan,7.0,35.0,10.0,63.0,True,,0.7281538898641384,0.11151376802777553
2023-11-07,543,18590,Babylone,6.0,31.0,21.0,83.0,False,,0.6372886083628053,0.0966334493315986
2023-11-08,544,15983,Typhus,14.0,27.0,18.0,73.0,False,,0.5640014743030926,0.09542282844799399
2023-11-09,545,19954,Programme Apollo,9.0,32.0,12.0,66.0,False,,0.6964313129510227,0.1061493295269942
2023-11-10,546,15633,Cristal,13.0,38.0,13.0,62.0,False,,0.5797155566969372,0.07936948753463294
2023-11-11,547,13060,Shanghai,7.0,17.0,7.0,60.0,False,,0.6410995596094661,0.09167378471836413
2023-11-12,548,15215,Shiva,9.0,23.0,9.0,58.0,False,,0.6963086668385364,0.11029232235252473
2023-11-13,549,20843,Martin Luther King,13.0,31.0,14.0,73.0,False,,0.6831669374661606,0.11247802812679186
2023-11-14,550,21589,Sarajevo,10.0,31.0,14.0,66.0,False,,0.7323296761596779,0.10738949612334836
2023-11-15,551,15064,Mouvement Massorti,17.0,42.0,14.0,66.0,False,,0.5258458582970412,0.07589103053022965
2023-11-16,552,20422,Toyota,12.0,38.0,11.0,52.0,False,,0.6978052609666391,0.11290239162311087
2023-11-17,553,14912,Université de Heidelberg,16.0,37.0,14.0,64.0,False,,0.5405503096219733,0.08807962886990905
2023-11-18,554,11441,Fission nucléaire,8.0,26.0,10.0,64.0,False,,0.5683570547617662,0.09642147607159886
2023-11-19,555,16168,Calcium,0.0,21.0,8.0,48.0,False,,0.7089381698940016,0.12026767355084417
2023-11-20,556,14997,Spin,16.0,52.0,17.0,100.0,False,,0.49661053345924083,0.07359743855131556
2023-11-21,557,17722,Magnitude (astronomie),18.0,39.0,19.0,69.0,False,,0.592893913921203,0.0897649645346077
2023-11-22,558,19631,Loi de probabilité,12.0,38.0,12.0,71.0,False,,0.6711896294978804,0.11341579489987141
2023-11-23,559,19687,Porto Alegre,8.0,26.0,17.0,65.0,False,,0.6651287965749364,0.10074390020907893
2023-11-24,560,13568,Série de Fourier,14.0,40.0,18.0,75.0,False,,0.49457159832122566,0.08048046126856287
2023-11-25,561,12595,Guerre civile russe,0.0,20.0,8.0,52.0,False,,0.6101351117525939,0.09692376772352122
2023-11-26,562,14161,Shabbat,8.0,24.0,14.0,62.0,False,,0.6413658549898741,0.09798117687403177
2023-11-27,563,21107,Religion de la Rome antique,13.0,35.0,11.0,56.0,False,,0.6828136088718142,0.12223156139478734
2023-11-28,564,21702,Torah,13.0,29.0,14.0,60.0,False,,0.7028879225944503,0.12452234393213674
2023-11-29,565,17622,Nabla,13.0,44.0,16.0,67.0,False,,0.6034225073447368,0.1089506043559941
2023-11-30,566,19179,Mont Saint Helens,0.0,36.0,11.0,63.0,False,,0.6521287992175308,0.10897793300724941
2023-12-01,567,13066,Anasazis,13.0,34.0,15.0,78.0,False,,0.4721205337964605,0.07161152759924315
2023-12-02,568,13983,Racine carrée,0.0,21.0,8.0,53.0,False,,0.6574577213865065,0.12242252703671831
2023-12-03,569,14954,Musée de l'Ermitage,7.0,22.0,8.0,60.0,False,,0.6661301395992183,0.10764480648475055
2023-12-04,570,19824,Johannes Brahms,11.0,33.0,14.0,49.0,False,,0.6302691677119733,0.10657785943003613
2023-12-05,571,16388,Yahweh,12.0,38.0,14.0,72.0,False,,0.5371108651633433,0.09503119885027354
2023-12-06,572,18514,Symbolisme (art),11.0,42.0,16.0,61.0,False,,0.6219502124121455,0.11836007770814515
2023-12-07,573,17472,Rubik's Cube,15.0,34.0,19.0,75.0,False,,0.6008849858104064,0.08591347233182778
2023-12-08,574,18532,Sous-marin,12.0,31.0,14.0,76.0,False,,0.6739924285218859,0.10892301366541056
2023-12-09,575,11476,Shinkansen,11.0,18.0,9.0,58.0,False,,0.5581131702340182,0.08339400126361379
2023-12-10,576,15994,Panthère des neiges,7.0,21.0,7.0,72.0,False,,0.706837546342354,0.11314533095493769
2023-12-11,577,17806,Espéranto,14.0,33.0,10.0,59.0,False,,0.5841801882549572,0.09224187714919564
2023-12-12,578,19397,Récif corallien,10.0,32.0,10.0,61.0,False,,0.6422158334904418,0.10553204755471474
2023-12-13,579,20505,Impressionnisme,10.0,29.0,14.0,69.0,False,,0.6863823301602067,0.12282354851787446
2023-12-14,580,16694,État-providence,8.0,36.0,11.0,84.0,False,,0.5630792616470326,0.08298736097635871
2023-12-15,581,13243,Royaume lagide,10.0,50.0,17.0,62.0,False,,0.47474884578628623,0.07566279186213147
2023-12-16,582,11454,Agence spatiale européenne,0.0,24.0,0.0,65.0,False,,0.5445789576271458,0.0784803325315794
2023-12-17,583,9222,Bryophyte,0.0,31.0,8.0,65.0,False,,0.4095876416217794,0.06516887089619412
2023-12-18,584,19618,Jaguar,9.0,34.0,13.0,69.0,False,,0.6399464391111088,0.10962478171320049
2023-12-19,585,17998,Titane,8.0,29.0,10.0,53.0,False,,0.5945247708693034,0.09956040138448873
2023-12-20,586,16477,Programme Voyager,10.0,30.0,12.0,62.0,False,,0.5587936529129798,0.10716412253423448
2023-12-21,587,11555,Biais de confirmation,12.0,46.0,17.0,72.0,False,,0.39414330241044865,0.05957445611264028
2023-12-22,588,13637,Lydie,10.0,40.0,9.0,78.0,False,,0.4919485098097301,0.07790197053772321
2023-12-23,589,10329,Oreillons,9.0,29.0,0.0,65.0,True,,0.545247619959657,0.08315700810670221
2023-12-24,590,11650,Usain Bolt,0.0,24.0,7.0,56.0,True,,0.5552399870421045,0.09274318545982968
2023-12-25,591,11202,Pied (unité),8.0,32.0,8.0,69.0,True,,0.39768555514706616,0.06594903541704404
2023-12-26,592,10150,Capteur,10.0,37.0,7.0,62.0,True,,0.36835352786144204,0.056982665335887195
2023-12-27,593,12980,Cuisine mexicaine,0.0,36.0,0.0,82.0,True,,0.4738327356767876,0.08305297882898131
2023-12-28,594,12623,Chameau de Bactriane,8.0,33.0,10.0,79.0,True,,0.4490252234355635,0.07534588091573372
2023-12-29,595,15438,Vatican,7.0,30.0,9.0,75.0,True,,0.6013682602616504,0.09435453490201502
2023-12-30,596,8534,Monisme,14.0,37.0,11.0,68.0,True,,0.4423211942340656,0.07270565765217371
2023-12-31,597,11899,Histoire du Maroc,10.0,26.0,7.0,72.5,True,,0.5822688358160161,0.09609606188437116
2024-01-01,598,11925,Huître,0.0,24.0,9.0,70.0,True,,0.41856930779538887,0.05952856538342852
2024-01-02,599,14267,Chaîne Transantarctique,0.0,39.0,6.0,65.0,True,,0.5019849540511593,0.08345604662117892
2024-01-03,600,19737,Amérique latine,9.0,30.0,0.0,63.0,True,,0.7028457024209092,0.12594807296569807
2024-01-04,601,17566,Crimée,7.0,34.0,10.0,82.0,True,,0.621226643224877,0.11223899770776212
2024-01-05,602,13155,Réalisme (philosophie),12.0,36.0,9.0,60.0,True,,0.49794384048990786,0.08793324844702106
2024-01-06,603,12705,Yom Kippour,0.0,28.0,11.0,59.0,True,,0.644350151298219,0.09244488946698157
2024-01-07,604,15489,Travail des enfants,9.0,24.0,0.0,47.0,True,,0.7136621364193552,0.11715298896499653
2024-01-08,605,17470,Droit international public,14.0,38.0,11.0,57.0,True,,0.594428561574273,0.10047629251115615
2024-01-09,606,15507,Río de la Plata,13.0,43.0,18.0,84.0,False,,0.5110354779057222,0.07115000709866057
2024-01-10,607,19953,Aphrodite,7.0,27.0,17.0,95.0,False,,0.6718805330434018,0.09439027752924273
2024-01-11,608,18298,Argon,8.0,31.0,19.0,72.0,False,,0.6212463139256514,0.07156071244801993
2024-01-12,609,19760,Alaska,7.0,45.0,15.0,100.0,False,,0.7164790490652261,0.09183870945814833
2024-01-13,610,13340,Camps de concentration nazis,0.0,26.0,9.0,78.0,False,,0.6078980652354948,0.0912054090972674
2024-01-14,611,10947,Écriture maya,10.0,33.0,8.0,53.0,False,,0.4764767826619166,0.06336135887411656
2024-01-15,612,18270,Armand Jean du Plessis de Richelieu,9.0,53.0,20.0,97.0,False,,0.5704214692195813,0.08126826125383864
2024-01-16,613,19686,Carl Lewis,12.0,36.0,14.0,78.0,False,,0.6228220503620698,0.09805285857439318
2024-01-17,614,22154,Las Vegas,9.0,27.0,14.0,77.0,False,,0.7062869222104678,0.11871892637980036
2024-01-18,615,14551,Soufisme,14.0,45.0,15.0,85.0,False,,0.4644476494506322,0.06762023179180325
2024-01-19,616,15396,Brevet d'invention,12.0,43.0,13.0,65.0,False,,0.5241170561072062,0.06685755151645846
2024-01-20,617,10153,Dualité onde-corpuscule,9.0,30.0,0.0,59.0,False,,0.463090592259313,0.06167693471064374
2024-01-21,618,12282,Botulisme,12.0,28.0,6.0,73.0,False,,0.5294936471683644,0.07140165322644168
2024-01-22,619,17376,Technétium,14.0,41.0,14.0,73.0,False,,0.5279888177157182,0.08625246348036991
2024-01-23,620,14723,Gymnosperme,15.0,41.0,17.0,78.0,False,,0.46721311682900174,0.06058791807243043
2024-01-24,621,20175,Galaxie d'Andromède,9.0,28.0,12.0,74.0,False,,0.6401552082752624,0.08852981979980597
2024-01-25,622,18305,Machu Picchu,9.0,37.0,19.0,92.0,False,,0.5748912075548513,0.0802437360946873
2024-01-26,623,14713,Al-Andalus,12.0,38.0,18.0,78.0,False,,0.49574888635435105,0.06693879226789862
2024-01-27,624,12446,Ispahan,0.0,31.0,7.0,54.0,False,,0.5783249192863684,0.07170364925905384
2024-01-28,625,10079,Diffusion de la matière,8.0,23.0,8.0,69.0,False,,0.4406622853502667,0.046895914760610245
2024-01-29,626,20298,Numération romaine,15.0,30.0,12.0,69.0,False,,0.6176495708110724,0.09124247292345501
2024-01-30,627,17627,Féodalité,13.0,43.0,19.0,67.0,False,,0.5483180540080582,0.07569857098923934
2024-01-31,628,15644,Hypertext Markup Language,12.0,47.0,14.0,62.0,False,,0.505375812509733,0.08367309617548661
2024-02-01,629,17105,Lanthanide,15.0,40.0,16.0,53.0,False,,0.4921707299901683,0.06641401537359298
2024-02-02,630,19747,Tchad,10.0,28.0,19.0,78.0,False,,0.5969453743903481,0.08841839859896394
2024-02-03,631,12291,Commerce triangulaire,12.0,25.0,10.0,76.0,False,,0.5064426380238948,0.055676198936715535
2024-02-04,632,12807,Rotation (physique),14.0,23.0,9.0,77.0,False,,0.5051382440649241,0.06295338674336773
2024-02-05,633,19812,Réunification allemande,14.0,49.0,15.0,67.0,False,,0.5631536160852636,0.06937120062887506
2024-02-06,634,20190,Caïn,8.0,36.0,17.0,67.0,False,,0.5766829955121454,0.08517313837492796
2024-02-07,635,23680,Louis IX,8.0,35.0,15.0,89.0,False,,0.6809006334361347,0.0951178499429135
2024-02-08,636,17484,Moment cinétique,9.0,40.0,18.0,73.0,False,,0.49673039620873005,0.07268469526307182
2024-02-09,637,16130,Lèpre,15.0,45.0,17.0,95.0,False,,0.5112965997849231,0.06026016857406192
2024-02-10,638,11327,Négationnisme,0.0,30.0,10.0,80.0,True,,0.49462525311828803,0.06915116374437251
2024-02-11,639,15766,Césium,9.0,19.0,11.0,88.0,True,,0.6408785556388111,0.09433553418258737
2024-02-12,640,16041,Sursaut gamma,13.0,36.0,19.0,82.0,True,,0.48077698591121587,0.0657142149459485
2024-02-13,641,22510,Histoire du Canada,12.0,35.0,18.0,68.0,True,,0.6703374475120383,0.11816047972271304
2024-02-14,642,19570,Architecture moderne,11.0,43.0,16.0,91.0,True,,0.6098710450871729,0.09825958361285365
2024-02-15,643,21787,Ulysse,7.0,29.0,13.0,71.0,True,,0.655645324574077,0.0960415749603643
2024-02-16,644,18093,Architecture romane,15.0,40.0,14.0,65.0,True,,0.5692052461955499,0.1033026310841963
2024-02-17,645,14740,Monaco,0.0,20.0,12.0,57.0,True,,0.6520197040543718,0.08563550164285749
2024-02-18,646,10211,Faisceau (mathématiques),16.0,24.0,12.0,58.0,True,,0.41636450028418637,0.058932282267678715
2024-02-19,647,20978,Wi-Fi,17.0,48.0,18.0,88.0,True,,0.6283927260049661,0.07897039049733409
2024-02-20,648,16361,Corruption,18.0,59.0,19.0,60.0,True,,0.5029048858517527,0.06890432075865974
2024-02-21,649,20005,Domestication du feu,19.0,46.0,13.0,55.0,True,,0.6190987770958919,0.09591086522868421
2024-02-22,650,22002,Parc national de Yellowstone,15.0,40.0,26.0,81.0,True,,0.6604298587436842,0.09591747447741035
2024-02-23,651,14747,Énergie interne,8.0,42.0,14.0,70.0,True,,0.4832735128610519,0.06480575248464353
2024-02-24,652,10957,Paganisme germanique,10.0,22.0,7.0,73.0,True,,0.49463961371022075,0.06777725710377877
2024-02-25,653,14200,Physique statistique,7.0,31.0,0.0,61.0,True,,0.5671268798961556,0.09101785819910933
2024-02-26,654,18765,Pure race espagnole,20.0,44.0,12.0,55.0,True,,0.5631375770685174,0.08684073164179898
2024-02-27,655,19639,Acupuncture,18.0,36.0,20.0,89.0,True,,0.5768782239040109,0.08804991416504387
2024-02-28,656,16869,Alfred North Whitehead,17.0,40.0,10.0,67.0,True,,0.5184928466137845,0.08308816350091677
2024-02-29,657,21107,Lithium,8.0,24.0,16.0,56.0,True,,0.6302159257483294,0.1038030582903588
2024-03-01,658,15351,Écart type,15.0,35.0,14.0,76.0,True,,0.513424306858341,0.07699503284792263
2024-03-02,659,14136,Seconde (temps),12.0,16.0,8.0,59.0,True,,0.64484084665795,0.08135115843340436
2024-03-03,660,14123,Argumentation,9.0,24.0,13.0,62.0,True,,0.5891285736432242,0.08728231745283234
2024-03-04,661,17978,Tikal,15.0,43.0,21.0,88.0,True,,0.5522530936452166,0.08598904954007723
2024-03-05,662,22159,Empire carolingien,9.0,40.0,20.0,84.0,True,,0.6748541345205453,0.1098258023025219
2024-03-06,663,21490,Planeur,14.0,32.0,15.0,68.0,True,,0.6972611418655956,0.10873366431232964
2024-03-07,664,21689,Isis,9.0,30.0,18.0,78.0,True,,0.7040480692786221,0.09023854759878057
2024-03-08,665,17787,Denali,11.0,35.0,23.0,75.0,True,,0.5935513900415439,0.09151538208653799
2024-03-09,666,11240,Héraclius,11.0,34.0,16.0,87.0,True,,0.5313627685215744,0.07102269438439725
2024-03-10,667,14640,Industrie,11.0,32.0,0.0,59.0,True,,0.621102354965145,0.09237612174316547
2024-03-11,668,20050,General Motors,10.0,39.0,20.0,76.0,True,,0.6359468515469832,0.08122387036848072
2024-03-12,669,26119,Pyrénées,10.0,39.0,22.0,62.0,False,,0.7492579975841264,0.10273060452132682
2024-03-13,670,19528,Louis Riel,11.0,33.0,16.0,72.0,False,,0.5811499433276757,0.08791085882757313
2024-03-14,671,18876,Euthanasie,15.0,40.0,25.0,93.0,False,,0.5804972266630142,0.0722385743784551
2024-03-15,672,20519,Ozone,12.0,34.0,13.0,58.0,False,,0.6344174467587705,0.09718068367139802
2024-03-16,673,13189,Pierre II (empereur du Brésil),0.0,24.0,0.0,53.0,False,,0.5499199319900503,0.09446431072118601
2024-03-17,674,17608,Anvers,8.0,22.0,7.0,52.0,False,,0.7054720358879208,0.09927184916617321
2024-03-18,675,19071,Alchimie,15.0,32.0,20.0,70.0,False,,0.5523106447002284,0.08231151492035867
2024-03-19,676,19556,Spectre visible,17.0,54.0,19.0,81.0,False,,0.5792165603224532,0.07519010678295784
2024-03-20,677,15851,Robotique industrielle,19.0,57.0,22.0,90.0,False,,0.4790957618978029,0.08035797266305299
2024-03-21,678,19860,Canne à sucre,18.0,46.0,18.0,74.0,False,,0.599896501582878,0.06889039868433144
2024-03-22,679,21446,Tour Eiffel,11.0,42.0,15.0,61.0,False,,0.6518782196622449,0.10957199586506668
2024-03-23,680,14322,Arménie,0.0,24.0,0.0,48.0,False,,0.6058351705622913,0.07964160471678129
2024-03-24,681,17819,Violoncelle,7.5,15.5,12.0,46.0,False,,0.6856262469132769,0.10139980759294157
2024-03-25,682,22764,Acide sulfurique,15.0,34.0,14.0,53.0,False,,0.6489581625843831,0.0931084450464823
2024-03-26,683,20485,Tang Taizong,12.0,35.0,11.0,59.0,False,,0.5910265953493344,0.08145637970378618
2024-03-27,684,21478,Nouvelle-Calédonie,12.0,31.0,18.0,87.0,False,,0.6273071897861765,0.11801540719469363
2024-03-28,685,8881,Gnosticisme,13.0,46.0,18.0,80.0,False,,0.26213754789272375,0.03908358204950294
2024-03-29,686,20087,Football américain,8.0,35.0,23.0,100.0,False,,0.6195686957209853,0.09272716250244345
2024-03-30,687,14641,Pâques,10.0,18.0,7.0,56.0,False,,0.6159004235589084,0.09697595610991448
2024-03-31,688,16542,Arc-en-ciel,0.0,19.0,11.0,70.0,False,,0.6413410451416323,0.09388030502319425
2024-04-01,689,13415,Hareng rouge,6.0,25.0,7.0,63.0,False,,0.41085427530742724,0.060004862860216696
2024-04-02,690,24721,Californie,10.0,30.0,19.0,64.0,False,,0.7360704986256368,0.107227918886267
2024-04-03,691,25803,C (langage),8.0,40.0,12.0,73.0,False,,0.7650456708696735,0.11864589389398003
2024-04-04,692,19583,Urbanisation,13.0,38.0,12.0,58.0,False,,0.599130134331621,0.09376011309940024
2024-04-05,693,21010,Guerre des Gaules,11.0,32.0,12.0,60.0,False,,0.7032988476444673,0.08662746553280566
2024-04-06,694,13767,Saint-Marin,0.0,25.0,9.0,57.0,True,,0.6452674078358555,0.09232323491874628
2024-04-07,695,12953,Mont Kosciuszko,10.0,19.0,6.0,60.0,True,,0.5776169460440377,0.07366534246432736
2024-04-08,696,16371,Civilisation zapotèque,16.0,34.0,18.0,66.0,True,,0.5261870055795904,0.07352707902010693
2024-04-09,697,23839,Richard Nixon,11.0,30.0,12.0,60.0,True,,0.7822916958275291,0.10635826074000562
2024-04-10,698,20825,Communication non verbale,8.0,36.0,10.0,78.0,True,,0.7049500235599865,0.09907021884769367
2024-04-11,699,23529,Moldavie,8.0,40.0,23.0,80.0,True,,0.7739171677391056,0.11786973256748344
2024-04-12,700,17147,Intelligence humaine,10.0,31.0,11.0,62.0,True,,0.6067634627821326,0.08266721790613955
2024-04-13,701,11784,Opéra de Pékin,9.0,22.0,8.0,46.0,True,,0.5625410644710559,0.07627603738380476
2024-04-14,702,15519,Université de Cambridge,6.0,23.0,8.0,51.0,True,,0.6640096597619987,0.11176932253902419
2024-04-15,703,24182,Zimbabwe,15.0,35.0,9.0,65.0,True,,0.7735449016790659,0.09994098086797332
2024-04-16,704,22014,Salomon (roi d'Israël),11.0,32.0,13.0,43.0,True,,0.68939542348648,0.13424578803842302
2024-04-17,705,19215,Identité d'Euler,11.0,30.0,16.0,67.0,True,,0.6539716548862405,0.08373443926773398
2024-04-18,706,20803,Fièvre jaune,7.0,29.0,14.0,71.0,True,,0.6872131294842944,0.10623180169321784
2024-04-19,707,20432,Hockey sur glace,14.0,35.0,10.0,61.0,True,,0.7312106637538021,0.10733155232685054
2024-04-20,708,12384,Rijksmuseum Amsterdam,7.0,21.0,7.0,55.0,True,,0.58941579468763,0.07127404523605581
2024-04-21,709,17247,Guerre américano-mexicaine,0.0,20.0,11.0,52.0,True,,0.7432138108794248,0.11615107653455928
2024-04-22,710,20071,Aubergine,11.0,37.0,13.0,60.0,True,,0.645670430780014,0.10010265292825091
2024-04-23,711,23862,Guerre d'Irak,11.0,28.0,14.0,76.0,True,,0.7430916524143323,0.12303475831021037
2024-04-24,712,20620,David (Michel-Ange),7.0,31.0,17.0,76.0,True,,0.7175900506895758,0.0819929302490151
2024-04-25,713,24627,Écosse,7.0,25.0,9.0,64.0,True,,0.791623520173345,0.10050479492331953
2024-04-26,714,21175,Kyoto,8.0,32.0,12.0,62.0,True,,0.7320891251311411,0.09976994513608628
2024-04-27,715,13265,Maison de Médicis,11.0,25.0,10.0,66.0,True,,0.6080157985717975,0.0991372217170316
2024-04-28,716,19186,Zeus,7.0,20.0,10.0,55.0,True,,0.8171051501518984,0.09929276179123898
2024-04-29,717,20400,Travail,10.0,30.0,12.0,64.0,True,,0.649145018485936,0.09937503778366402
2024-04-30,718,20719,Pollution de l'air,16.0,34.0,13.0,71.0,False,,0.6167992684821147,0.09626099992165658
2024-05-01,719,14649,Hangeul,10.0,22.0,8.0,54.0,False,,0.5057039202077821,0.0849866891427971
2024-05-02,720,20346,Accident de la route,11.0,32.0,19.0,62.0,False,,0.6727400657249375,0.09239713914795804
2024-05-03,721,20064,Buenos Aires,11.0,28.0,12.0,57.0,False,,0.7113912641691562,0.09211661413673997
2024-05-04,722,14160,Dynasties du Sud et du Nord,6.0,21.0,8.0,52.0,False,,0.6716244489789418,0.08623090250560088
2024-05-05,723,16895,Adverbe,8.0,19.0,6.0,54.0,False,,0.7314827045195867,0.11166592063662897
2024-05-06,724,16350,"Théodora (impératrice, épouse de Justinien Ier)",16.0,30.0,15.0,63.0,False,,0.5297045939092151,0.0704045631137563
2024-05-07,725,12927,Homologie (mathématiques),13.0,26.0,7.0,48.0,False,,0.4229945216758395,0.0593613971086108
2024-05-08,726,11061,Influence sociale,12.0,25.0,7.0,44.0,False,,0.3813201836817454,0.05399469623400498
2024-05-09,727,16495,Histoire de France,7.0,20.0,0.0,32.0,False,,0.5433144270207273,0.07439829542602479
2024-05-10,728,12467,Tunnel,12.0,25.0,9.0,53.0,False,,0.456189890418559,0.05933852988335179
2024-05-11,729,12761,Guerre soviéto-polonaise,9.0,17.0,0.0,53.0,False,,0.6153765604959209,0.06852175840316034
2024-05-12,730,15569,Horus,7.0,22.0,8.0,60.0,False,,0.6789461929578257,0.10276473440909475
2024-05-13,731,18618,Université de Tokyo,13.0,32.0,11.0,50.0,False,,0.6077344818666721,0.100432679182577
2024-05-14,732,24171,Andorre,7.0,26.0,13.0,78.0,False,,0.7745840213467923,0.10963451762794459
2024-05-15,733,19348,Siluriformes,11.0,33.0,13.0,64.0,False,,0.6555903000709808,0.09265091929696218
2024-05-16,734,15903,Circulation atmosphérique,15.0,41.0,9.0,60.0,False,,0.5336273755612441,0.06994584896488684
2024-05-17,735,18949,Code civil (France),17.0,26.0,11.0,83.0,False,,0.6532763064120017,0.11966180830745739
2024-05-18,736,14558,Tunnel sous la Manche,7.0,20.0,0.0,48.0,False,,0.6844461305243801,0.08767974942997044
2024-05-19,737,12264,Encre,7.0,22.0,7.0,54.0,False,,0.5426805353294895,0.06784905636596053
2024-05-20,738,16179,Transidentité,9.0,22.0,6.0,48.0,False,,0.5202051109435902,0.06315075161923157
2024-05-21,739,17478,Méningite,9.0,39.0,15.0,69.0,False,,0.5701968230898388,0.0782599995617776
2024-05-22,740,15559,Supraconductivité,12.0,40.0,11.0,69.0,False,,0.5204652277891458,0.0739022910898852
2024-05-23,741,21051,Encyclopédie,10.0,32.0,12.0,63.0,False,,0.6957044106131238,0.09334264789229274
2024-05-24,742,18551,"Le Magicien d'Oz (film, 1939)",8.0,25.0,22.0,61.0,False,,0.6383204048617389,0.09338782960534993
2024-05-25,743,13963,Océan,0.0,19.0,0.0,52.0,False,,0.6447647096962618,0.08976977789672502
2024-05-26,744,13765,Architecture chinoise,7.0,21.0,6.0,46.0,False,,0.6169804090583784,0.07367524000027952
2024-05-27,745,19489,Séparation des Églises d'Orient et d'Occident,12.0,34.0,13.0,56.0,False,,0.6251873184240261,0.07364922471579723
2024-05-28,746,20281,Station spatiale internationale,9.0,32.0,11.0,61.0,False,,0.6689810460849437,0.09176532902585392
2024-05-29,747,23448,Éléphant,7.0,34.0,12.0,53.0,False,,0.7801996225606337,0.09910698780676677
2024-05-30,748,19221,Massacre de Nankin,12.0,38.0,15.0,73.0,False,,0.6378560962306313,0.0765821191209664
2024-05-31,749,15029,Mollusca,11.0,36.0,15.0,58.0,False,,0.5272371836987193,0.060255146738175815
2024-06-01,750,12529,Commonwealth,9.0,22.0,7.0,45.0,False,,0.5774678634541393,0.07036043286280128
2024-06-02,751,16103,Koala,7.0,21.0,10.0,43.0,False,,0.6652338902324936,0.09289506138815083
2024-06-03,752,15792,Nok (culture),12.0,37.0,16.0,53.0,False,,0.4928758400118285,0.07255240990292865
2024-06-04,753,18387,Cunéiforme,11.0,31.0,12.0,53.0,False,,0.5965230551955946,0.07419248856854971
2024-06-05,754,19950,Agriculture biologique,10.0,31.0,7.0,64.0,False,,0.6392729055220943,0.08082785509556933
2024-06-06,755,13657,Porifera,11.0,46.0,14.0,64.0,False,,0.42262948953911195,0.06495594111975653
2024-06-07,756,12146,Ester,15.0,36.0,15.0,61.0,False,,0.41405593700958143,0.048501091724787324
2024-06-08,757,11945,Cor d'harmonie,7.0,17.0,7.0,57.0,False,,0.5287451628344254,0.07364902810037671
2024-06-09,758,14755,Mont Fuji,0.0,19.0,7.0,52.0,False,,0.6107767575673617,0.07078764992282342
2024-06-10,759,14886,Joseph Priestley,9.0,26.0,10.0,61.0,False,,0.45146770380728024,0.05976505674947684
2024-06-11,760,18329,Titan (lune),10.0,29.0,16.0,63.0,False,,0.5481824824161756,0.0825289252201119
2024-06-12,761,19039,Symphonie no 5 de Beethoven,12.0,24.0,12.0,70.0,False,,0.5980038577449241,0.08655261783189483
2024-06-13,762,19014,Festival de Cannes,12.0,30.0,12.0,47.0,False,,0.609565854684444,0.08600014091750276
2024-06-14,763,15884,Iguana iguana,11.0,30.0,13.0,54.0,False,,0.5197502296603974,0.08358850405070373
2024-06-15,764,10081,Beau,9.0,26.0,0.0,41.0,False,,0.44885742828922637,0.0635040801431084
2024-06-16,765,8759,Plesiosauria,16.0,34.0,10.0,70.0,False,,0.3635330446833793,0.04722497942393253
2024-06-17,766,14180,Tribu (ethnologie),12.0,38.0,14.0,66.0,False,,0.44178237487998173,0.0568647843028241
2024-06-18,767,15266,Guérilla,11.0,35.0,15.0,68.0,False,,0.4683414385284352,0.06624249331055036
2024-06-19,768,18677,Hautbois,13.0,27.0,15.0,69.0,False,,0.5866225564031103,0.08878822644252102
2024-06-20,769,17031,Indice de masse corporelle,12.0,34.0,15.0,63.0,False,,0.5325385085812236,0.07239107600226952
2024-06-21,770,13890,M87 (galaxie),7.0,32.0,10.0,63.0,False,,0.467321531040589,0.061376351555264975
2024-06-22,771,11450,Poids,8.0,21.0,0.0,50.0,False,,0.5323701023516053,0.09416953174716747
2024-06-23,772,12517,British Library,9.0,14.0,0.0,39.0,False,,0.5111879135457397,0.07289267671719192
2024-06-24,773,19221,Noël,7.5,36.0,10.5,60.0,False,,0.5787082167459804,0.07481995239707426
2024-06-25,774,16537,État fédéral,12.0,27.0,10.0,60.0,False,,0.507490269999737,0.06950226591825645
2024-06-26,775,16468,Licorne,11.0,31.0,11.0,52.0,False,,0.5124668878803141,0.07348770136967767
2024-06-27,776,18403,Flûte de Pan,10.0,25.0,12.0,69.0,False,,0.5563000004215108,0.07509685585324943
2024-06-28,777,14327,Ur (Mésopotamie),13.0,30.0,9.0,67.0,False,,0.4798911464440741,0.07454457050698944
2024-06-29,778,11371,Golf,0.0,23.0,9.0,49.0,False,,0.5012131843365556,0.06236597444841567
2024-06-30,779,12112,Angkor Vat,8.0,12.0,0.0,42.0,False,,0.5038564482383131,0.062312644415330645
2024-07-01,780,16994,Panda géant,10.0,26.0,7.0,46.0,False,,0.49741483192100283,0.07837679018535763
2024-07-02,781,16502,Généalogie,10.0,32.0,11.0,54.0,False,,0.49917968836536947,0.06968530211304401
2024-07-03,782,13245,Fond diffus cosmologique,11.0,41.0,7.0,56.0,False,,0.42124740826648077,0.05183216918959121
2024-07-04,783,20848,Louis XIV,12.0,29.0,10.0,51.0,False,,0.6322227904926603,0.07658304008471774
2024-07-05,784,17243,Voyage dans le temps,8.0,20.0,0.0,62.0,False,,0.5623945144621293,0.06654215613644238
2024-07-06,785,12073,Calcutta,0.0,17.0,0.0,54.0,True,,0.5741708709271005,0.06434752621983893
2024-07-07,786,10440,Guerres byzantino-bulgares,0.0,24.0,0.0,50.0,True,,0.4701065282485282,0.05927997147397355
2024-07-08,787,18609,Saut à la perche,12.0,31.0,8.0,44.0,True,,0.6027989035431666,0.08274583397520074
2024-07-09,788,17433,Noisette,9.0,36.0,10.0,61.0,True,,0.5609284713085961,0.07294301134975664
2024-07-10,789,16607,Conquêtes musulmanes des Indes,0.0,32.0,8.0,57.0,True,,0.5745573029447546,0.06789351042006243
2024-07-11,790,16001,Ouzbek,10.0,37.0,9.0,63.0,True,,0.5392616453994283,0.060321605206246326
2024-07-12,791,11260,Durabilité,13.0,34.0,9.0,53.0,True,,0.3977175872059664,0.0565240849682332
2024-07-13,792,6107,Métamatériau,9.0,24.0,0.0,44.0,True,,0.2870784392890597,0.03859314424441818
2024-07-14,793,9280,Fontaine (Duchamp),12.0,28.0,0.0,54.0,True,,0.4126351902758169,0.04860118726966921
2024-07-15,794,19695,Coupe du monde de football,7.0,29.0,6.0,61.0,True,,0.6248904919302061,0.0880954761102905
2024-07-16,795,16048,Relations internationales,13.0,36.0,10.0,53.0,True,,0.518484026132475,0.07555575390649412
2024-07-17,796,17637,Détroit (Michigan),8.0,27.0,12.0,73.0,True,,0.6142202559439066,0.08086308502426436
2024-07-18,797,13002,Royaume de Champa,11.0,41.0,9.0,59.0,True,,0.44123746994499463,0.05991647723382756
2024-07-19,798,12011,Srinivasa Ramanujan,11.0,39.0,9.0,61.0,True,,0.42031707313758,0.057007569704599
2024-07-20,799,10665,Moteur hydraulique,8.0,24.0,0.0,55.0,True,,0.5084455410466303,0.0660697217123144
2024-07-21,800,11735,Métal alcalino-terreux,0.0,26.0,16.0,88.0,True,,0.5180834915246527,0.06430785979765058
2024-07-22,801,17398,Formule d'Euler,11.0,28.0,8.0,69.0,True,,0.5705915028078491,0.07537301414579518
2024-07-23,802,17354,Architecture gothique,10.0,33.0,11.0,56.0,True,,0.557648430038414,0.07473807639463927
2024-07-24,803,16361,Erevan,8.0,30.0,11.0,67.0,True,,0.532332710525574,0.08368696573424982
2024-07-25,804,15599,Uttar Pradesh,14.0,29.0,10.0,55.0,True,,0.5282314396391098,0.06842729491552203
2024-07-26,805,17124,Luxembourg,0.0,23.0,7.0,48.0,True,,0.5922608446606005,0.08030582720629335
2024-07-27,806,10868,Michael Phelps,0.0,12.0,9.0,50.0,True,,0.5268233004817549,0.07432452532373081
2024-07-28,807,10081,Classicisme français,0.0,24.0,7.0,100.0,True,,0.43943441632717206,0.06637756507472285
2024-07-29,808,15562,Théorème de Pythagore,11.0,26.0,15.0,61.0,True,,0.49617595812149434,0.06496976280502041
2024-07-30,809,17929,Jeux olympiques d'hiver,0.0,15.0,8.0,61.0,True,,0.5843920454967826,0.07593360807024263
2024-07-31,810,14313,Tramway,8.0,31.0,8.0,51.0,True,,0.47422441157794054,0.06458370717231676
2024-08-01,811,13173,Force centripète,10.0,31.0,6.0,51.0,True,,0.46382232984697114,0.061755548773707224
2024-08-02,812,14333,Ronaldo,7.0,18.0,8.0,72.0,True,,0.5165542447539223,0.07329718738931025
2024-08-03,813,10239,Salsa,0.0,10.0,0.0,55.0,True,,0.5193174490576402,0.07008396738119974
2024-08-04,814,9315,Mutilations génitales féminines,0.0,25.0,0.0,62.0,True,,0.4333704163727012,0.0529632516719703
2024-08-05,815,13434,Murray (fleuve),9.0,27.0,14.0,53.0,True,,0.46291300552461717,0.061959882142250726
2024-08-06,816,12502,Salouen,8.0,19.0,9.0,61.0,True,,0.43030140615019336,0.0566586865677119
2024-08-07,817,11895,Puncak Jaya,0.0,19.0,13.0,65.0,True,,0.41979669655786295,0.054503061641302884
2024-08-08,818,15353,100 mètres (athlétisme),0.0,14.0,8.0,68.0,True,,0.5321564530578502,0.07721870344266271
2024-08-09,819,10819,Arithmétique modulaire,8.0,23.0,8.0,48.0,True,,0.4025695700116626,0.049491445644717004
2024-08-10,820,8364,Guerre de Livonie,9.0,21.0,0.0,54.0,True,,0.42599570335412373,0.04641326624934583
2024-08-11,821,7700,Enzyme,14.0,25.0,10.0,63.0,True,,0.38174463180127904,0.06393598798937468
2024-08-12,822,13528,Nauru,0.0,25.0,9.0,64.0,True,,0.45648497568272806,0.06110951302603524
2024-08-13,823,12505,John Churchill (1er duc de Marlborough),0.0,20.0,0.0,52.0,True,,0.4364234743174238,0.05203271531707443
2024-08-14,824,16873,Guerre d'Espagne,0.0,20.0,10.0,47.0,True,,0.6080551773418434,0.07968846774954688
2024-08-15,825,10468,Han (ethnie),6.0,14.0,0.0,44.0,True,,0.36493098850797473,0.05327404318314818
2024-08-16,826,12840,Gratte-ciel,0.0,19.0,7.0,49.0,True,,0.47828603610817294,0.05975717801791024
2024-08-17,827,10349,Herpès,7.0,20.0,8.0,57.0,True,,0.5177245654628682,0.07069875311750383
2024-08-18,828,11151,Barrage d'Itaipu,0.0,20.0,0.0,56.0,True,,0.5064084948505253,0.06675628962570734
2024-08-19,829,14653,Orage,11.0,33.0,8.0,54.0,True,,0.49370625511880195,0.07257017398535778
2024-08-20,830,16538,Trois Glorieuses,7.0,26.0,8.0,45.0,True,,0.5612228861360913,0.0750262119739848
2024-08-21,831,16342,Cantonais,11.0,22.0,0.0,50.0,True,,0.576344476453241,0.07729869809560956
2024-08-22,832,14818,Gamal Abdel Nasser,9.0,29.0,9.0,61.0,True,,0.5088787446056496,0.07375811574815816
2024-08-23,833,13433,Chiroptera,13.0,23.0,11.0,53.0,True,,0.4959234270492887,0.06321173325502336
2024-08-24,834,9980,Android,10.0,20.0,8.0,58.0,True,,0.49892919215790266,0.06411726787100563
2024-08-25,835,11236,Samarcande,10.0,17.0,12.0,80.0,True,,0.5169511649701105,0.07417165488989744
2024-08-26,836,15505,Révolution nationale indonésienne,8.0,27.0,9.0,63.0,True,,0.5114487967995741,0.0675942744672125
2024-08-27,837,19331,Bolivie,0.0,20.0,12.0,66.0,True,,0.6542418395946212,0.09090024488178017
2024-08-28,838,18626,Anne Frank,8.0,24.0,15.0,64.0,True,,0.6570917120990923,0.0798816970205264
2024-08-29,839,18966,Seattle,9.0,19.0,0.0,58.0,True,,0.6520101372891681,0.08810215119955873
2024-08-30,840,15268,Osiris,7.0,29.0,9.0,77.0,True,,0.5666464038608399,0.07987332065994329
2024-08-31,841,10400,Ganymède (lune),0.0,20.0,0.0,66.0,True,,0.5247543773180121,0.06857012493381348
2024-09-01,842,13423,Ornithorynque,0.0,15.0,0.0,61.0,True,,0.6173774656040049,0.09607049097150265
2024-09-02,843,14776,Pigment,14.0,29.0,11.0,55.0,True,,0.5134136332029035,0.07221052359523739
2024-09-03,844,17071,Manifestations de la place Tian'anmen,12.0,29.0,9.0,54.0,False,,0.5543122716888947,0.08717082726943555
2024-09-04,845,12823,Renseignement,12.0,34.0,9.0,56.0,False,,0.4265806945355623,0.07069410196403375
2024-09-05,846,15382,Physique au-delà du modèle standard,11.0,27.0,11.0,60.0,False,,0.5154417150007977,0.07033651710181182
2024-09-06,847,14773,(1) Cérès,11.0,29.0,9.0,59.0,False,,0.5067112669030762,0.07404204695007786
2024-09-07,848,9313,Averroès,0.0,15.0,0.0,57.0,False,,0.4348645498918497,0.06658338477596049
2024-09-08,849,14822,Hip-hop,0.0,14.0,11.0,68.0,False,,0.6233659100702815,0.10525233289919662
2024-09-09,850,14072,Francisco de Goya,8.0,44.0,14.0,90.0,False,,0.4509624581688881,0.06587120409467569
2024-09-10,851,16263,Révolution philippine,13.0,32.0,14.0,71.0,False,,0.516399202447463,0.07411931058443996
2024-09-11,852,17611,Énergie hydroélectrique,12.0,24.0,11.0,71.0,False,,0.5703988420500682,0.08943339026204267
2024-09-12,853,17729,Produit intérieur brut,13.0,21.0,11.0,63.0,False,,0.5674058879395523,0.08795835912196005
2024-09-13,854,15715,Tachkent,11.0,25.0,11.0,55.0,False,,0.5471053594515677,0.07088740348219962
2024-09-14,855,9658,Étrusques,0.0,18.0,7.0,49.0,False,,0.4444079110542112,0.06258387734311058
2024-09-15,856,12487,Jackson Pollock,0.0,19.0,0.0,51.0,False,,0.5312573506618615,0.07031265241378733
2024-09-16,857,16593,Atmosphère (unité),15.0,30.0,9.0,64.0,False,,0.5193886726707053,0.07495045988663182
2024-09-17,858,16870,Gravure,12.0,36.0,26.0,88.0,False,,0.5428613897251932,0.07582714640943236
2024-09-18,859,15952,Élie,16.0,35.0,11.0,55.0,False,,0.5182901068124007,0.07928583204198827
2024-09-19,860,19465,Symphonie no 9 de Beethoven,12.0,33.0,14.0,81.0,False,,0.6159259869292915,0.08682045643984646
2024-09-20,861,16384,Tortue,10.0,25.0,11.0,64.0,False,,0.5597612448472392,0.08239643358925804
2024-09-21,862,11517,Krach de 1929,0.0,17.0,10.0,57.0,False,,0.5232059289735036,0.07553130779719862
2024-09-22,863,12608,Stoïcisme,0.0,14.5,10.0,57.5,False,,0.5288574395346247,0.07395499780855883
2024-09-23,864,16251,Empreinte génétique,12.0,34.5,17.0,58.5,False,,0.49806532637555784,0.07488580782294149
2024-09-24,865,18700,Intoxication alimentaire,12.0,25.0,10.0,58.0,False,,0.5716078462764367,0.08765660091534633
2024-09-25,866,22214,Parthénon,12.0,30.0,10.0,58.0,False,,0.6997141733103533,0.11135751659589334
2024-09-26,867,28002,Groenland,10.0,30.0,17.0,77.0,False,,0.8335847789409345,0.1391857084970157
2024-09-27,868,20989,Audrey Hepburn,11.0,31.0,11.0,60.0,False,,0.6792559959494808,0.14196149283329784
2024-09-28,869,14876,Caféine,7.0,22.0,9.0,85.0,False,,0.6430310192137186,0.09872619026409646
2024-09-29,870,20288,Roi Arthur,10.0,22.0,9.0,98.0,False,,0.7944248335008676,0.14327852693164506
2024-09-30,871,22797,Brocoli,8.0,33.0,13.0,87.0,False,,0.6590433319385598,0.11551934749780762
2024-10-01,872,19447,Osmose,15.0,37.0,17.0,76.0,False,,0.49839502517660167,0.08459119558251377
2024-10-02,873,23526,Boson de Higgs,12.0,32.0,13.0,85.0,False,,0.6017792590197784,0.10753753977303301
2024-10-03,874,24837,Navette spatiale américaine,15.0,33.0,14.0,80.0,False,,0.6178490251836979,0.11757890030346811
2024-10-04,875,16835,Inductance,11.0,37.0,18.0,83.0,False,,0.4682376709889171,0.07145201574079892
2024-10-05,876,19156,Guerre du Pacifique,10.0,22.0,8.0,68.0,False,,0.6946440239641065,0.08284383325669156
2024-10-06,877,19041,Mangrove,12.0,31.0,9.0,65.0,False,,0.6395636451722051,0.10146473750632212
2024-10-07,878,28444,Éclipse,18.0,41.0,15.0,67.0,False,,0.674076524771055,0.10567191876415953
2024-10-08,879,30367,Bucarest,13.0,32.0,26.0,93.0,False,,0.7060912645536795,0.11844678566300357
2024-10-09,880,22583,Séquence principale,18.0,38.0,21.0,96.0,False,,0.5537077536403682,0.0879257291711851
2024-10-10,881,19580,Cyanobacteriota,18.0,38.0,19.0,100.0,False,,0.5136899620583247,0.0772793010032972
2024-10-11,882,30067,Mer Noire,10.0,31.0,16.0,72.0,False,,0.7604931314923544,0.1108379498833426
2024-10-12,883,16201,Goths,15.0,20.0,10.0,62.0,False,,0.5724176718149361,0.07437180431371665
2024-10-13,884,19069,Violence,11.0,32.0,11.0,85.0,False,,0.6344831111137519,0.06884711348594948
2024-10-14,885,22500,Transnistrie (État),15.0,39.0,21.0,82.0,False,,0.5534152585024634,0.0631316713457578
2024-10-15,886,31608,Troisième Reich,12.0,33.0,18.0,73.0,False,,0.7744878523644153,0.09971906924413962
2024-10-16,887,27726,Ultrason,11.0,36.0,18.0,77.0,False,,0.6851928799622186,0.09343975875835227
2024-10-17,888,27186,Lycanthrope,16.0,33.0,17.0,62.0,False,,0.6671757541410772,0.09338681525933933
2024-10-18,889,21443,Acte de langage,16.0,35.0,17.0,88.0,False,,0.5690882053343804,0.06850125562782648
2024-10-19,890,15889,Douleur,8.0,22.0,8.0,53.0,True,,0.5906630871569358,0.06918945268121161
2024-10-20,891,24888,Lisbonne,5.0,20.0,10.0,47.0,True,,0.8524766715384272,0.09546188128968384
2024-10-21,892,22918,Biome,19.0,35.0,20.0,75.0,True,,0.6050778833983875,0.07060064676036669
2024-10-22,893,30479,Moustique,19.0,45.0,19.0,66.0,True,,0.7764210453166122,0.10415337674408588
2024-10-23,894,30050,Enid Blyton,18.0,45.0,11.0,67.0,True,,0.7767191960884026,0.13610195012718312
2024-10-24,895,35505,Histoire de l'Autriche,14.0,37.0,25.0,80.0,True,,0.8369362481522571,0.14178673665298072
2024-10-25,896,30565,Première guerre sino-japonaise,13.0,30.0,20.0,75.0,True,,0.8136970619597959,0.10559287045835444
2024-10-26,897,18048,Code Morse international,14.0,27.0,6.0,50.0,True,,0.6644525211270356,0.08257440196812356
2024-10-27,898,26077,Inuits,10.0,27.0,5.0,49.0,True,,0.8627284772296488,0.09343438586145646
2024-10-28,899,25330,Aérodynamique,19.0,45.0,6.0,48.0,True,,0.6478952057434051,0.07742209174765605
2024-10-29,900,26070,Mustafa Kemal Atatürk,13.0,37.0,19.0,75.0,True,,0.6580185074619341,0.08069422763702845
2024-10-30,901,22409,Suite des protocoles Internet,16.0,46.0,14.0,74.0,True,,0.594387611259323,0.0747689807476868
2024-10-31,902,17421,Synapsida,20.0,49.0,5.0,60.0,True,,0.4906965431130526,0.07638258079552426
2024-11-01,903,15715,Levier (mécanique),12.0,22.0,5.0,52.0,True,,0.4844988670101899,0.06869507903152322
2024-11-02,904,17359,Croissance économique,8.0,25.0,10.0,50.0,True,,0.6932534319380629,0.08767662676540493
2024-11-03,905,17092,Pornographie,11.0,31.0,7.0,45.0,True,,0.6446898767320123,0.08492385197420217
2024-11-04,906,22296,Ukiyo-e,11.0,36.0,17.0,63.0,True,,0.6162282926367091,0.07268581882286854
2024-11-05,907,26538,Manta (genre),15.0,37.0,13.0,55.0,False,,0.6751877996319525,0.09021880526396524
2024-11-06,908,31189,Clint Eastwood,13.0,29.0,16.0,48.0,False,,0.8121593613644675,0.09134032839830386
2024-11-07,909,32547,Séville,10.0,22.0,17.0,63.0,False,,0.8099539789625881,0.10481272040286167
2024-11-08,910,21903,Transport par câble,15.0,31.0,13.0,54.0,False,,0.6134638998361194,0.08067358568952296
2024-11-09,911,17850,Edgar Allan Poe,8.0,24.0,10.0,38.0,False,,0.6534316845109128,0.10260983828019098
2024-11-10,912,21949,Gabon,6.0,21.0,6.0,43.0,False,,0.7430896159160882,0.10558060321464738
2024-11-11,913,22070,Rhétorique,12.0,25.0,10.0,46.0,False,,0.5545994308503635,0.06961111635342734
2024-11-12,914,29815,Siamois (chat),10.0,32.0,11.0,46.0,False,,0.769311743378246,0.10828866592276556
2024-11-13,915,31985,Héraclès,16.0,45.0,14.0,58.0,False,,0.8376046028392844,0.09760913938840653
2024-11-14,916,32113,George Lucas,17.0,38.0,20.0,77.0,False,,0.8372061558101197,0.09102878996388121
2024-11-15,917,27990,Charles XIV Jean,13.0,29.0,16.0,76.0,False,,0.785001641290754,0.10052134720003883
2024-11-16,918,15632,Domesticité,13.0,29.0,6.0,44.0,False,,0.577199747492743,0.08022647592790477
2024-11-17,919,24037,Gaz noble,9.0,29.0,9.0,49.0,False,,0.8163646444766092,0.1108553893039601
2024-11-18,920,32001,Soufre,15.0,41.0,16.0,51.0,False,,0.7941308992458658,0.12428203267618593
2024-11-19,921,35755,San Diego,13.0,24.0,20.0,65.0,False,,0.8615749978110226,0.10632223709546919
2024-11-20,922,34389,Pomme,15.0,43.0,21.0,68.0,False,,0.825198481639503,0.11912849482564418
2024-11-21,923,26791,Carl Gustav Jung,15.0,38.0,22.0,59.0,False,,0.6945295235102938,0.08464740835051007
2024-11-22,924,23392,Hannibal Barca,20.0,41.0,20.0,75.0,False,,0.6501852562193743,0.08455209351655003
2024-11-23,925,21358,"2001, l'Odyssée de l'espace",12.0,18.0,7.0,48.0,False,,0.7872162965308742,0.09296379521006397
2024-11-24,926,21060,Panthéisme,8.0,26.0,7.0,43.0,False,,0.7174831064268248,0.0858294430546074
2024-11-25,927,23968,Déformation élastique,22.0,60.0,23.0,81.0,False,,0.6022846613304758,0.07027639425574066
2024-11-26,928,24705,Blanc,17.0,61.0,25.0,81.0,False,,0.6373868959284014,0.0697896486869286
2024-11-27,929,27755,Apiculture,17.0,47.0,18.0,61.0,False,,0.7306586568967318,0.09109811194734546
2024-11-28,930,30785,Metropolitan Museum of Art,12.0,37.0,19.0,52.0,False,,0.7905004784334752,0.1150156479429816
2024-11-29,931,21541,Holodomor,14.0,42.0,21.0,69.0,False,,0.6050984723089579,0.07494245876876744
2024-11-30,932,16807,Astrologie,13.0,22.0,0.0,41.0,False,,0.6184235315151713,0.07623546730146122
2024-12-01,933,23838,Économie de l'Union européenne,10.0,21.0,8.0,43.0,False,,0.8020153504649293,0.0972641774335513
2024-12-02,934,29515,Naissance des étoiles,17.0,36.0,16.0,50.0,False,,0.7238220276655862,0.10032543942850497
2024-12-03,935,26184,Famille Brontë,18.0,40.0,25.0,70.0,False,,0.682252640436769,0.07968470411462421
2024-12-04,936,27632,Appareil respiratoire,19.0,35.0,12.0,48.0,False,,0.7522523972654066,0.09055480618094036
2024-12-05,937,28585,Pentecôte,16.0,37.0,23.0,67.0,False,,0.7446104261163415,0.08930430858511353
2024-12-06,938,26096,Saumon,14.0,33.0,20.0,67.0,False,,0.7066508311456742,0.09507981695766131
2024-12-07,939,15850,Cervelet,6.0,32.0,7.0,31.0,False,,0.6008188247953988,0.07874629109200973
2024-12-08,940,24095,Prague,8.0,17.0,10.0,46.0,False,,0.8171179370209644,0.10268529341998685
2024-12-09,941,31292,Canberra,11.0,33.0,18.0,44.0,False,,0.7682875665870877,0.10143242652146676
2024-12-10,942,27745,Tchétchénie,18.0,39.0,15.0,52.0,False,,0.7017735821218618,0.08401563822251862
2024-12-11,943,24567,Filtration,18.0,40.0,16.0,48.0,False,,0.6343270542372191,0.10301353860309582
2024-12-12,944,24688,Microsoft Windows,17.0,35.0,14.0,50.0,False,,0.6172963341621046,0.09003411763917929
2024-12-13,945,20683,Menelik II,16.0,38.0,19.0,60.0,False,,0.5644198063549586,0.07154434677148673
2024-12-14,946,16660,Commerce en ligne,13.0,21.0,7.0,40.0,False,,0.6148852277892547,0.09444694137847927
2024-12-15,947,15576,Épigénétique,12.0,25.0,6.0,53.0,False,,0.5387784726333167,0.06515927682986498
2024-12-16,948,27223,Io (lune),16.0,32.0,17.0,52.0,False,,0.690414704090012,0.07766180641030052
2024-12-17,949,28156,Édimbourg,12.0,34.0,18.0,48.0,False,,0.712726401266924,0.09194578396737872
2024-12-18,950,17892,Alternance de générations,20.0,50.0,14.0,52.0,False,,0.4696645029782021,0.06364942149352548
2024-12-19,951,28882,Vitesse,17.0,34.0,15.0,55.0,False,,0.7543903472309884,0.09867468733349068
2024-12-20,952,20677,Théorie des probabilités,12.5,30.0,14.0,47.0,False,,0.5667430473670997,0.07079363479555104
2024-12-21,953,16801,Diamant,7.5,30.5,10.5,47.5,True,,0.669683689121538,0.08643545597960708
2024-12-22,954,17905,Benazir Bhutto,10.0,29.0,7.0,58.0,True,,0.6640713395714989,0.09216628001073186
2024-12-23,955,19493,Avalanche,9.0,34.0,6.0,55.0,True,,0.549104331111793,0.05805954673175665
2024-12-24,956,13323,Coordonnées polaires,10.0,26.0,7.0,38.0,True,,0.36546511226399087,0.043653227253780104
2024-12-25,957,17260,Inflation,6.0,23.0,0.0,42.0,True,,0.49849874798592314,0.07025177249501223
2024-12-26,958,15704,Citrus ×paradisi,8.0,28.0,7.0,34.0,True,,0.4577207845114081,0.060679970056391315
2024-12-27,959,12887,Prédation,19.0,43.0,10.0,54.0,True,,0.3829289635112084,0.05191992168791899
2024-12-28,960,13587,Théorèmes d'incomplétude de Gödel,9.0,28.0,6.0,45.0,True,,0.5516437917931296,0.05586464789125155
2024-12-29,961,15735,Magie (surnaturel),11.0,22.0,0.0,51.0,True,,0.573918664662406,0.07926124730995254
2024-12-30,962,18699,Nicolas de Myre,11.0,27.0,5.0,41.0,True,,0.5106705652917861,0.06570635492442792
2024-12-31,963,14993,Hajj,9.0,24.0,0.0,38.0,True,,0.4077027170688421,0.05418316833623543
2025-01-01,964,15966,Moldavie (région historique),0.0,28.0,0.0,47.0,True,,0.447220651847887,0.057725479165340196
2025-01-02,965,20679,National Aeronautics and Space Administration,7.0,27.0,7.0,36.0,True,,0.5677578417294159,0.06977035782320383
2025-01-03,966,19114,Artillerie,9.0,25.0,8.0,40.0,True,,0.5716545222249755,0.06629501394939334
2025-01-04,967,18838,Robert Oppenheimer,5.0,23.0,0.0,28.0,True,,0.7424012760107076,0.0834900576733718
2025-01-05,968,18583,Travailleur social,11.0,27.0,9.0,46.0,True,,0.6803464926286155,0.0826576423936828
2025-01-06,969,25830,Camion,15.0,26.0,9.0,40.0,True,,0.6976905947914365,0.08995358360832321
2025-01-07,970,29943,Cuba,10.0,36.0,13.0,44.0,False,,0.7251450231781129,0.10728841929693149
2025-01-08,971,23751,Clip,12.0,37.0,12.0,54.0,False,,0.6200951289385538,0.07143312096482214
2025-01-09,972,30263,Maladie d'Alzheimer,12.0,33.0,12.0,52.0,False,,0.7712928653656882,0.12231618007893624
2025-01-10,973,22583,Philosophie indienne,15.0,31.0,13.0,51.0,False,,0.6027707077828603,0.09196275883948062
2025-01-11,974,16857,Rachel Carson,9.0,21.0,0.0,33.0,False,,0.6135200517555284,0.0684045443949814
2025-01-12,975,16518,Khazars,10.0,25.0,0.0,31.0,False,,0.5767818680765463,0.06775951513642174
2025-01-13,976,23272,Zoroastrisme,21.0,41.0,12.0,54.0,False,,0.5734987258695374,0.07616833039840931
2025-01-14,977,23404,Théorie de Galois,23.0,39.0,17.0,52.0,False,,0.5822345301077884,0.07803799846467861
2025-01-15,978,29979,Gênes,18.0,37.0,14.0,62.0,False,,0.7953912363961696,0.10150644795041694
2025-01-16,979,24312,Java (langage),13.0,36.0,13.0,42.0,False,,0.6067700316299484,0.10073651010250766
2025-01-17,980,21748,Principe d'incertitude,16.0,33.0,10.0,55.0,False,,0.5746487368794237,0.08038528285771455
2025-01-18,981,19974,Attaque de Pearl Harbor,8.0,18.0,6.0,35.0,False,,0.7218608602656188,0.10640648323852706
2025-01-19,982,24971,Belgrade,7.0,23.0,0.0,36.0,False,,0.8302804936311178,0.10478339741444094
2025-01-20,983,25587,Période Yayoi,14.0,37.0,12.0,45.0,False,,0.6165521428269712,0.08423464717741636
2025-01-21,984,38551,Dollar américain,10.0,34.0,13.0,51.0,False,,0.853779020698535,0.16473953054591994
2025-01-22,985,28951,Naine blanche,15.0,35.0,14.0,53.0,False,,0.7448679004682908,0.09649571444635191
2025-01-23,986,20879,Bilateria,25.0,41.0,9.0,50.0,False,,0.5483213592678272,0.06551866894229028
2025-01-24,987,11205,Modernité comportementale,26.0,55.0,23.0,63.0,False,,0.3057849136869471,0.040178733886746705
2025-01-25,988,15890,Felidae,12.0,29.0,7.0,42.0,False,,0.6036609021314454,0.10174589534398942
2025-01-26,989,21518,Shoah,12.0,27.0,6.0,42.0,False,,0.7042817549043231,0.10001766501829186
2025-01-27,990,22530,Coccinellidae,18.0,37.0,17.0,67.0,False,,0.5738962582943761,0.058973632201616784
2025-01-28,991,27173,Géothermie,13.0,42.0,13.0,48.0,False,,0.68275135656883,0.09392609030719594
2025-01-29,992,28384,Antonio Vivaldi,10.0,29.0,20.0,57.0,False,,0.7227677657783558,0.09321520328420828
2025-01-30,993,27981,Planète naine,12.0,29.0,11.0,59.0,False,,0.6870172642659135,0.1161450074701549
2025-01-31,994,21609,Travail d'une force,14.0,35.0,12.0,56.0,False,,0.5817255464283619,0.08595219831625941
2025-02-01,995,16893,Histoire des ordinateurs,8.0,18.0,9.0,39.0,False,,0.5500982493484871,0.07200678417407702
2025-02-02,996,18204,Poulie,12.0,19.0,7.0,40.0,False,,0.5408115395566174,0.07660486934643314
2025-02-03,997,24809,Dopage (sport),24.0,31.0,7.0,43.0,False,,0.537325102772333,0.08450434344527342
2025-02-04,998,24044,Morphologie (linguistique),23.0,36.0,16.0,51.0,False,,0.5263453940659657,0.0941630790441973
2025-02-05,999,34614,Barcelone,13.0,23.0,15.0,75.0,False,,0.7913422304875302,0.115803011364004
2025-02-06,1000,32785,1000,17.0,29.0,17.0,77.0,False,,0.7394928238666219,0.09657095160983614
2025-02-07,1001,26975,Jimi Hendrix,18.0,33.0,22.0,100.0,False,,0.6538857949451925,0.08490815054361599
2025-02-08,1002,20449,Aliénor d'Aquitaine,11.0,18.0,10.0,67.0,True,,0.7035084456101268,0.10078504719835288
2025-02-09,1003,20054,Symon Petlioura,9.0,23.0,0.0,46.0,True,,0.6604548265760323,0.09418336133584053
2025-02-10,1004,27768,Frison (cheval),20.0,31.0,18.0,69.0,True,,0.6509988099948162,0.09584658058295978
2025-02-11,1005,28786,Configuration électronique,20.0,29.0,15.0,72.0,True,,0.7020276550018926,0.11835061583158689
2025-02-12,1006,36134,Montréal,11.0,31.0,20.0,82.0,True,,0.848013453117419,0.11399762879694068
2025-02-13,1007,36485,J. R. R. Tolkien,13.0,20.0,18.0,78.0,True,,0.8568001268475877,0.10937837089005499
2025-02-14,1008,32245,Suède,11.0,22.0,17.0,82.0,True,,0.8316904740259313,0.10697222852661704
2025-02-15,1009,20093,Cléopâtre VII,7.0,14.0,9.0,39.0,True,,0.6826698962123954,0.09752400769121813
2025-02-16,1010,21279,Îles Kouriles,10.0,19.0,0.0,40.0,True,,0.7081032536656595,0.07782152193154027
2025-02-17,1011,28746,Birman (langue),21.0,26.0,21.0,71.0,True,,0.6930110153575462,0.09290083559753302
2025-02-18,1012,30681,Acoustique,18.0,23.0,13.0,75.0,True,,0.7352154620116621,0.103125835690825
2025-02-19,1013,34182,Rayon X,19.0,23.0,16.0,91.0,True,,0.8245056254402594,0.1368030668438091
2025-02-20,1014,31056,Migraine,17.5,21.5,15.0,71.5,True,,0.757527289381873,0.10332578035537682
2025-02-21,1015,26544,Ganesh,14.0,21.0,20.0,83.5,True,,0.6839157038231639,0.10004658538781487
2025-02-22,1016,17142,Malais (langue),8.0,15.0,6.0,41.0,True,,0.6129992665372729,0.07090562993880593
2025-02-23,1017,27015,Guerres de Religion (France),4.0,14.0,6.0,35.0,True,,0.8403925365962268,0.11530249190130298
2025-02-24,1018,29572,Vivien Leigh,11.0,16.0,14.0,67.0,True,,0.6963161823533186,0.09761399819604688
2025-02-25,1019,31417,Guerres médiques,13.0,17.0,17.0,57.0,True,,0.7586039099773939,0.10354246851860806
2025-02-26,1020,28168,Cinématique,13.0,21.0,12.0,46.0,True,,0.6977601079542535,0.1007464301464273
2025-02-27,1021,35378,Boston,11.0,17.0,19.0,55.0,True,,0.8659029278966129,0.09284298836156085
2025-02-28,1022,22819,Labyrinthe,16.0,23.0,14.0,54.0,True,,0.5805778884935673,0.09322971350212442
2025-03-01,1023,16305,Planète mineure,12.0,12.0,6.0,33.0,True,,0.5798081607913419,0.07270896868802841
2025-03-02,1024,18815,Traumatisme majeur,9.0,12.0,7.0,40.0,True,,0.6164198116170401,0.0962836944274447
2025-03-03,1025,29703,Placenta,20.0,25.0,11.0,56.0,True,,0.7246507570726389,0.10660391459539358
2025-03-04,1026,29015,Rosa Parks,13.0,18.0,15.0,57.0,True,,0.7006934027127931,0.09522474006133708
2025-03-05,1027,32270,Échecs,13.0,19.0,10.0,57.0,True,,0.7982311668126928,0.11610537311074234
2025-03-06,1028,27381,Genévrier,19.0,24.0,8.0,46.0,True,,0.673926731722247,0.0906884351243724
2025-03-07,1029,23719,Handicap mental,14.0,21.0,13.0,60.0,True,,0.6230495476519413,0.10914484484193054
2025-03-08,1030,19381,Autoroute,7.0,9.0,6.0,33.0,True,,0.6923040909237903,0.09109089449731703
2025-03-09,1031,27531,Jean-Jacques Rousseau,4.0,10.0,7.0,39.0,True,,0.8650482694097353,0.13145884712144443
2025-03-10,1032,26136,Système d'unités de Planck,16.0,24.0,14.0,57.0,True,,0.6308385350799649,0.08908618626039953
2025-03-11,1033,34695,Magnésium,15.0,22.0,15.0,67.0,False,,0.7723726053341673,0.118850638471871
2025-03-12,1034,34110,Chimie nucléaire,13.0,21.0,16.0,63.0,False,,0.7931535956875847,0.11867518307528543
2025-03-13,1035,35241,Guerre anglo-américaine de 1812,12.0,10.0,16.0,67.0,False,,0.8110617027097403,0.10495590075193816
2025-03-14,1036,30037,Albert Camus,12.0,17.0,16.0,68.0,False,,0.7455743730137769,0.11575552806238888
2025-03-15,1037,18881,Accord (musique),8.0,14.0,6.0,54.0,False,,0.6314915012642236,0.08888112209289038
2025-03-16,1038,24188,Hippopotamus amphibius,6.0,12.0,6.0,48.0,False,,0.7483262888381879,0.10504234151358695
2025-03-17,1039,32448,Charles Dickens,15.0,18.0,12.0,52.0,False,,0.7260600333405254,0.10669832389964355
2025-03-18,1040,21553,Dinophyta,18.0,26.0,18.0,68.0,False,,0.4936812015884271,0.06463953997950825
2025-03-19,1041,31813,Cerf élaphe,20.0,25.0,19.0,68.0,False,,0.7193800993493731,0.12061082635071435
2025-03-20,1042,28835,Hallucination,19.0,25.0,14.0,71.0,False,,0.6637048875449354,0.1089311049967319
2025-03-21,1043,23600,Guillaume Ier d'Orange-Nassau,15.0,24.0,14.0,78.0,False,,0.5757261160167689,0.07864436970738334
2025-03-22,1044,16881,Suse (Iran),8.0,13.0,9.0,49.0,False,,0.5666942957835273,0.07594218743432676
2025-03-23,1045,24374,Parc zoologique,7.0,10.0,4.0,49.0,False,,0.737779884300447,0.10702688324974631
2025-03-24,1046,29948,Vanille,15.0,26.0,13.0,58.0,False,,0.6713704468943331,0.106060874809549
2025-03-25,1047,28936,Microéconomie,20.0,22.0,21.0,94.0,False,,0.6561877102555999,0.08815145041758725
2025-03-26,1048,32842,Vallée du Grand Rift,17.0,22.0,21.0,94.0,False,,0.7628000226498701,0.10703524894901209
2025-03-27,1049,29372,Rosier,21.0,24.0,22.0,99.0,False,,0.6992942786870182,0.09263959440512384
2025-03-28,1050,28104,Pelote basque,17.0,18.0,13.0,77.0,False,,0.6983532998538876,0.10011797149366623
2025-03-29,1051,18059,Produit scalaire,11.0,14.0,9.0,61.0,False,,0.5994363686790828,0.0790564609776038
2025-03-30,1052,23606,Mouvement américain des droits civiques,11.0,9.0,6.0,38.0,False,,0.7131725430371475,0.11889663869301571
2025-03-31,1053,29267,Civilisation minoenne,15.0,24.0,17.0,83.0,False,,0.6522284413916891,0.09099720080045023
2025-04-01,1054,26223,Canular,23.0,28.0,15.0,70.0,False,,0.6513503010389331,0.0788320259825147
2025-04-02,1055,35794,Marrakech,12.0,18.0,16.0,100.0,False,,0.8451000662970598,0.12068117261142276
2025-04-03,1056,29112,Boson,15.0,22.0,18.0,84.0,False,,0.6911051221222488,0.113729751924465
2025-04-04,1057,25597,Facebook,16.0,20.0,15.0,80.0,False,,0.6773737354544913,0.09095631710374782
2025-04-05,1058,15280,Dynastie Jin (265-420),6.0,10.0,8.0,48.0,True,,0.5804960406179264,0.08413324321898366
2025-04-06,1059,18846,Pétrarque,5.0,11.0,6.0,43.0,True,,0.6595385577020649,0.09077370093246188
2025-04-07,1060,24810,Utilitarisme,15.0,19.0,12.0,53.0,True,,0.6400315568146175,0.08691347273687557
2025-04-08,1061,34552,Abidjan,10.0,12.0,18.0,70.0,True,,0.8520306864757408,0.10871189891532916
2025-04-09,1062,33382,Halloween,9.0,15.0,12.0,52.0,True,,0.8555005283330829,0.09745574735496129
2025-04-10,1063,33268,Hergé,7.0,15.0,13.0,61.0,True,,0.8295483098614834,0.13162378897449079
2025-04-11,1064,27887,Commune de Paris,12.0,16.0,15.0,65.0,True,,0.7658387317325498,0.09346424503146189
2025-04-12,1065,16082,Anorexie mentale,9.0,11.0,4.0,35.0,True,,0.6210876034624929,0.07403598562910964
2025-04-13,1066,23952,Révolution,5.0,13.0,6.0,32.0,True,,0.7966422120594605,0.11577233858752237
2025-04-14,1067,36096,Amsterdam,9.0,9.0,8.0,46.0,True,,0.8605334309264259,0.11915036975310045
2025-04-15,1068,28498,Réseau social,10.0,19.0,14.0,51.0,True,,0.7245799628179169,0.10093536067749112
2025-04-16,1069,32222,Badminton,13.0,17.0,8.0,41.0,True,,0.8273774243414546,0.13098508279830845
2025-04-17,1070,26261,Tique,15.0,23.0,12.0,63.0,True,,0.7107414652310319,0.07511951674903895
2025-04-18,1071,23593,Histoire du Nigeria,14.0,22.0,11.0,59.0,True,,0.6546111689354615,0.1010731349993387
2025-04-19,1072,18911,Guerre de Troie,7.0,9.0,8.0,44.0,True,,0.6880588849957392,0.11583265253574174
2025-04-20,1073,16815,Décibel,8.0,14.0,8.0,44.0,True,,0.5834276523989216,0.08891806901287695
2025-04-21,1074,21204,Société civile,9.0,12.0,7.0,32.0,True,,0.5503128660598718,0.06063663513902099
2025-04-22,1075,30550,Crise financière mondiale de 2007-2008,8.0,18.0,13.0,55.0,True,,0.7419113531503703,0.1327290590803437
2025-04-23,1076,30423,Beagle,8.0,17.0,13.0,57.0,True,,0.7973487492290916,0.10168003016920231
2025-04-24,1077,24253,Famille Rothschild,15.0,19.0,11.0,55.0,True,,0.6323458393211184,0.09327561094935902
2025-04-25,1078,18116,Benzodiazépine,15.0,19.0,16.0,72.0,True,,0.5077817130024251,0.06491003739875004
2025-04-26,1079,18402,Parc national de Yosemite,5.0,10.0,7.0,35.0,True,,0.6876037202365681,0.0977817311559236
2025-04-27,1080,21904,Hongrois,9.0,11.0,0.0,32.0,True,,0.772526020586323,0.10606886372048485
2025-04-28,1081,30835,Loutre de mer,12.0,19.0,11.0,48.0,True,,0.7571494311959311,0.1042919324143491
2025-04-29,1082,29913,Allaitement maternel,10.0,19.0,10.0,48.0,False,,0.6933621868521797,0.12737973233449504
2025-04-30,1083,25665,Apple,10.0,14.0,10.0,49.0,False,,0.6155421402093308,0.10757421570734078
2025-05-01,1084,21657,Vésuve,4.0,7.0,0.0,26.0,False,,0.5613316419718472,0.09421172638494667
2025-05-02,1085,19277,Lipide,10.0,17.0,6.0,36.0,False,,0.5529073813743428,0.06707182753512263
2025-05-03,1086,20634,Séoul,5.0,10.0,5.0,30.0,False,,0.7694469678093877,0.10445896844560888
2025-05-04,1087,16670,Visualisation de données,14.0,14.0,5.0,28.0,False,,0.5976095121675401,0.06687133060678684
2025-05-05,1088,30136,Superman,11.0,17.0,20.0,87.0,False,,0.7542945237614586,0.13228905152505402
2025-05-06,1089,26498,Époque hellénistique,11.0,16.0,15.0,72.0,False,,0.676284639951194,0.09163760471413161
2025-05-07,1090,24858,Communauté des États indépendants,12.0,14.0,12.0,60.0,False,,0.6655860018122683,0.09803584073815813
2025-05-08,1091,23624,Clarinette,5.0,10.0,7.0,34.0,False,,0.6252403368942611,0.09464404526687155
2025-05-09,1092,21514,Art japonais,9.0,10.0,10.0,49.0,False,,0.5948487441295803,0.09135226380351984
2025-05-10,1093,14473,Espérance mathématique,9.0,15.0,5.0,29.0,False,,0.5462042375443089,0.07505170519081107
2025-05-11,1094,18132,Calcul des variations,9.0,12.0,5.0,33.0,False,,0.6326502196900211,0.08045846298274943
2025-05-12,1095,28013,Restaurant,10.0,19.0,10.0,49.0,False,,0.7222299309957841,0.08999646733536727
2025-05-13,1096,23519,Mohammad Reza Pahlavi,11.0,15.0,11.0,47.0,False,,0.6144559383579155,0.08038156195115709
2025-05-14,1097,22812,Franc-maçonnerie,14.0,19.0,11.0,47.0,False,,0.618464944161892,0.083261027395523
2025-05-15,1098,24333,Ambre,12.0,17.0,11.0,46.0,False,,0.6477906921460029,0.07507594841055139
2025-05-16,1099,24177,Western,10.0,14.0,17.0,50.0,False,,0.6494756994047892,0.11397882785021754
2025-05-17,1100,13735,William Hogarth,8.0,9.0,4.0,31.0,False,,0.5316760658754008,0.05757954914762543
2025-05-18,1101,22700,Albanie,4.0,7.0,9.0,28.0,False,,0.7628230166669203,0.11597757649980112
2025-05-19,1102,30198,Mouton,7.0,14.0,10.0,42.0,False,,0.7600044222138361,0.10821201432254926
2025-05-20,1103,24301,Augustin d'Hippone,15.5,19.0,17.5,68.5,False,,0.6380807765987253,0.08155506462420631
2025-05-21,1104,28097,Orénoque,13.5,19.5,17.0,78.0,False,,0.7743011346666204,0.09536363644831758
2025-05-22,1105,28733,Dérivée,15.0,29.0,15.0,76.0,False,,0.7559440759964636,0.10779762630386995
2025-05-23,1106,23762,Taekwondo,24.0,25.0,24.0,87.0,False,,0.6761644300813221,0.07453105250575022
2025-05-24,1107,16975,Lynx,0.0,17.0,9.0,48.0,False,,0.630703133027117,0.08789785530568467
2025-05-25,1108,23092,Néerlandais,8.0,17.0,9.0,59.0,False,,0.8023908422148333,0.10992495507762677
2025-05-26,1109,29705,Marilyn Monroe,17.0,21.0,21.0,71.0,False,,0.7529585478278715,0.11100303853424953
2025-05-27,1110,23024,Gestion des déchets,31.0,34.0,14.0,82.0,False,,0.5887330979272312,0.08355066270841427
2025-05-28,1111,22383,Akkadien,23.0,25.0,18.0,84.0,False,,0.600014588111812,0.0783308533158352
2025-05-29,1112,14983,Thoutmôsis Ier,11.0,19.0,8.0,53.0,False,,0.3992239439356777,0.058704394155657987
2025-05-30,1113,16186,Pessa'h,17.0,26.0,8.0,54.0,False,,0.4691762197124693,0.056784109800202584
2025-05-31,1114,14144,République de Sakha,17.0,20.0,0.0,39.0,False,,0.5405728727019035,0.07007672450072859
2025-06-01,1115,15113,Comportementalisme,13.0,19.0,0.0,42.0,False,,0.4959341361275438,0.06920136581279066
2025-06-02,1116,26182,Histoire de l'Irak,19.0,30.0,25.0,58.0,False,,0.6372054401563783,0.07108463819009815
2025-06-03,1117,26677,Art déco,14.0,24.0,21.0,88.0,False,,0.6758843222787724,0.0774597656382928
2025-06-04,1118,27829,Apollon,17.0,27.0,12.0,87.0,False,,0.691776201801603,0.11021693329366421
2025-06-05,1119,23602,Nô,16.0,34.0,17.0,76.0,False,,0.5953435581720765,0.07652518099109869
2025-06-06,1120,22037,Donald Duck,16.0,25.0,12.0,67.0,False,,0.5906392315943159,0.08169352957163488
2025-06-07,1121,14218,Sagrada Família,10.0,19.0,8.0,51.0,False,,0.5160343038800113,0.05728280196395073
2025-06-08,1122,18133,Musée d'Orsay,8.0,12.0,8.0,53.0,False,,0.6031263699788185,0.07877203221701749
2025-06-09,1123,22461,Bamako,0.0,14.0,10.0,50.0,False,,0.5633556882279842,0.06074381250691234
2025-06-10,1124,20253,Condensat de Bose-Einstein,18.0,31.0,14.0,48.0,False,,0.4940645323057915,0.06092019476217248
2025-06-11,1125,23541,Escargot,22.0,30.0,15.0,49.0,False,,0.6069142099007196,0.07280196213428677
2025-06-12,1126,22584,Équation différentielle ordinaire,19.0,33.0,12.0,62.0,False,,0.5592458556994166,0.0778900106469631
2025-06-13,1127,18805,Performance (art),23.0,34.0,15.0,54.0,False,,0.5034496826102444,0.060768739380952785
2025-06-14,1128,12371,Code génétique,8.0,19.0,0.0,31.0,False,,0.44856305239776617,0.05414070167334772
2025-06-15,1129,20547,Washington (district de Columbia),9.0,19.0,9.0,44.0,False,,0.6842334138865008,0.09503020367345391
2025-06-16,1130,12509,Capétiens,18.0,22.0,15.0,67.0,False,,0.3122343180421412,0.04531380334127352
2025-06-17,1131,21941,Pinatubo,16.0,25.0,18.0,59.0,False,,0.5335446485585995,0.065175381499182
2025-06-18,1132,23188,Synagogue,15.0,30.0,12.0,58.0,False,,0.5985579783033295,0.05556768326586176
2025-06-19,1133,27000,Bloc de l'Est,15.0,29.0,13.0,72.0,False,,0.6961360486927958,0.08650926787118002
2025-06-20,1134,22826,Art roman,16.0,37.0,10.0,72.0,False,,0.6133270689342912,0.07727451694473077
2025-06-21,1135,14721,Marche à pied,10.0,16.0,9.0,41.0,False,,0.5314858147309086,0.06476198279908431
2025-06-22,1136,14711,Siphonaptera,12.0,21.0,7.0,41.0,False,,0.4933500330024749,0.058172046457944056
2025-06-23,1137,22033,Périclès,15.0,33.0,15.0,67.0,False,,0.548660872550964,0.05853123941864226
2025-06-24,1138,19366,Palais de Dioclétien,21.0,36.0,16.0,65.0,False,,0.4741366206600679,0.06254159626984246
2025-06-25,1139,21054,El Niño,15.0,25.0,13.0,63.0,False,,0.5401067715054324,0.0656769689463035
2025-06-26,1140,20364,Cigarette,16.0,39.0,11.0,61.0,False,,0.5143125712142411,0.06084434397203067
2025-06-27,1141,18181,Leif Erikson,21.0,33.0,11.0,63.0,False,,0.4945343131747369,0.05281567069377975
2025-06-28,1142,7688,Dynastie Hồng Bàng,10.0,26.0,7.0,44.0,False,,0.2916534620615575,0.04216690690798314
2025-06-29,1143,16859,Barbe Noire,11.0,17.0,9.0,32.0,False,,0.5575365270287231,0.0650259574238487
2025-06-30,1144,19032,Polymère,19.0,31.0,16.0,48.0,False,,0.4660236787619253,0.057811190938341334
2025-07-01,1145,27513,Togo,11.0,22.0,8.0,44.0,False,,0.6558489110439731,0.09287430218930504
2025-07-02,1146,22832,Snowboard,16.0,23.0,18.0,56.0,False,,0.5810803678905055,0.08224459576779204
2025-07-03,1147,17964,Réfraction,17.0,30.0,17.0,62.0,False,,0.4694932093290055,0.059546084612583726
2025-07-04,1148,19433,George Orwell,10.0,28.0,15.0,51.0,False,,0.516649256538334,0.06156449308061119
2025-07-05,1149,13884,Chlorure de sodium,10.0,15.0,0.0,35.0,True,,0.5237583330577592,0.06511651634935026
2025-07-06,1150,20229,Basques,9.0,14.0,8.0,42.0,True,,0.7391222608137075,0.09128096711625547
2025-07-07,1151,18351,Nicolae Ceaușescu,12.0,20.0,12.0,52.0,True,,0.4819845838143731,0.06560626491252795
2025-07-08,1152,19975,Recensement de la population,25.0,22.0,12.0,49.0,True,,0.5319332239330401,0.06517408474754645
2025-07-09,1153,23637,George III,12.0,22.0,10.0,57.0,True,,0.639359878881045,0.08280936678840854
2025-07-10,1154,18695,Type spectral,15.0,27.0,12.0,50.0,True,,0.5011142151277049,0.06946074034866499
2025-07-11,1155,23505,Pérou,8.0,23.0,14.0,59.0,True,,0.6744019480109066,0.09051525603640687
2025-07-12,1156,13751,New Deal,8.0,21.0,9.0,51.0,True,,0.541827741664976,0.05973626805898358
2025-07-13,1157,13850,Acide gras,11.0,12.0,8.0,36.0,True,,0.4878732577190545,0.06417998813024214
2025-07-14,1158,17249,Amerigo Vespucci,0.0,10.0,8.0,37.0,True,,0.4538642677838849,0.05767164173947737
2025-07-15,1159,21576,Rio Madeira,8.0,25.0,9.0,42.0,True,,0.5568359578464025,0.08846990602088892
2025-07-16,1160,22632,Rosée,15.0,26.0,13.0,56.0,True,,0.6091898875842708,0.07518391317775636
2025-07-17,1161,26421,Toulouse,13.0,19.0,13.0,60.0,True,,0.7025599870445245,0.0920665078536423
2025-07-18,1162,22926,Empire allemand,13.0,26.0,11.0,53.0,True,,0.6581963977331848,0.07778591376067776
2025-07-19,1163,12523,Civilisation mycénienne,14.0,20.0,9.0,53.0,True,,0.4871700977147233,0.062139259278227936
2025-07-20,1164,14137,Guerre des Deux-Roses,0.0,21.0,10.0,46.0,True,,0.5059734704364667,0.06307008268723689
2025-07-21,1165,18652,Mystique,22.0,34.0,12.0,41.0,True,,0.5007888805074837,0.053583011304560786
2025-07-22,1166,24290,Sierra Nevada (États-Unis),17.0,29.0,9.0,53.0,True,,0.6353248730372112,0.08205463246763808
2025-07-23,1167,22749,Végétarisme,13.0,28.0,10.0,46.0,True,,0.6200930891483156,0.06878159478653142
2025-07-24,1168,18799,Ole Einar Bjørndalen,17.0,28.0,13.0,62.0,True,,0.50143454538201,0.058705002966040636
2025-07-25,1169,16816,Mittani,14.0,31.0,13.0,61.0,True,,0.4862211079775785,0.06023498391294074
2025-07-26,1170,16110,Kinshasa,8.0,19.0,9.0,22.0,True,,0.6075221816358211,0.0845272410423003
2025-07-27,1171,16924,Safran (épice),11.0,13.0,7.0,50.0,True,,0.6104402921264822,0.06822907629422462
2025-07-28,1172,22654,Printemps arabe,9.0,22.0,14.0,57.0,True,,0.6248059717438629,0.10168970927911919
2025-07-29,1173,24949,Honoré de Balzac,13.0,19.0,13.0,53.0,True,,0.6637125575156699,0.07771458138617775
2025-07-30,1174,23806,Œuf (aliment),10.0,30.0,15.0,54.0,True,,0.6592972385919242,0.07476176355305808
2025-07-31,1175,20377,Babylone (civilisation),7.0,29.0,10.0,53.0,True,,0.537430775299252,0.07061924017113087
2025-08-01,1176,23321,Dallas,7.0,28.0,13.0,56.0,True,,0.708593693155501,0.09652590647485994
2025-08-02,1177,12521,Espace euclidien,9.0,26.0,0.0,40.0,True,,0.5266941995062842,0.05522096668864795
2025-08-03,1178,14601,Muhammad Ali Jinnah,7.0,20.0,0.0,45.0,True,,0.5568682027629791,0.057814395504157755
2025-08-04,1179,17864,Indice de réfraction,25.0,25.0,15.0,51.0,True,,0.4989892300119956,0.06201806111686393
2025-08-05,1180,23267,Guernica (Picasso),12.0,21.0,10.0,49.0,True,,0.6411425470992727,0.09970228419371349
2025-08-06,1181,20375,Capacité thermique,8.0,29.0,8.0,47.0,True,,0.5835626846298587,0.06782733255545073
2025-08-07,1182,16903,Manuel Ier Comnène,16.0,21.0,19.0,63.0,True,,0.48109036697738494,0.056251934513833673
2025-08-08,1183,16743,Tenzin Gyatso,0.0,28.0,14.0,61.0,True,,0.5127976054004967,0.06102114061713389
2025-08-09,1184,12140,Décalage vers le rouge,10.0,22.0,9.0,45.0,True,,0.5083808723477002,0.06926562114757301
2025-08-10,1185,18896,Ontario,7.0,25.0,0.0,42.0,True,,0.7015576576331394,0.08457992793193267
2025-08-11,1186,21244,Chute de Constantinople,8.0,20.0,13.0,57.0,True,,0.5810469281245182,0.08138127931843503
2025-08-12,1187,19491,Période des Royaumes combattants,15.0,23.0,9.0,61.0,True,,0.5603203940227576,0.08150260279797318
2025-08-13,1188,20210,Bonobo,17.0,28.0,10.0,50.0,True,,0.557361202837391,0.09083556403259924
2025-08-14,1189,19984,Ordre du Temple,12.0,33.0,12.0,55.0,True,,0.5760581219806304,0.06268351065961437
2025-08-15,1190,12724,Région HII,10.0,23.0,7.0,54.0,True,,0.388043031839896,0.04714643025358796
2025-08-16,1191,19698,Corée du Nord,15.0,15.0,0.0,32.0,True,,0.7859403772777477,0.10290670160720021
2025-08-17,1192,15422,Point de Lagrange,11.5,21.0,6.0,34.5,True,,0.5825750290888063,0.0712616697143866
2025-08-18,1193,22676,Mérovingiens,11.0,20.0,10.0,45.5,True,,0.6280265715674628,0.08333910170314691
2025-08-19,1194,25102,Région wallonne,5.0,14.0,9.0,25.0,True,,0.6969453192925908,0.0874326922192141
2025-08-20,1195,27235,Bulgarie,8.0,16.0,11.0,38.0,True,,0.7630685983501986,0.09656823870112334
2025-08-21,1196,27282,Rhin,7.0,13.0,7.0,37.0,True,,0.7627639072793301,0.1054134634403467
2025-08-22,1197,22419,Histoire de l'Écosse,6.0,17.0,0.0,30.0,True,,0.6810416373710674,0.07468567405523331
2025-08-23,1198,15711,Fantôme,4.0,17.0,0.0,24.0,True,,0.6520449019849285,0.07779227664294748
2025-08-24,1199,18398,Curitiba,5.0,14.0,5.0,34.0,True,,0.691625361971499,0.09296365825409164
2025-08-25,1200,24629,Mammouth,9.0,18.0,6.0,39.0,True,,0.6684459312572356,0.09845513540245453
2025-08-26,1201,21330,Halogène,15.0,30.0,6.0,33.0,True,,0.596572625307415,0.06970170839501182
2025-08-27,1202,22393,Espace vectoriel,14.0,16.0,9.0,37.0,True,,0.6439234503435841,0.0991340927964364
2025-08-28,1203,25451,Révolution russe,5.0,17.0,12.0,45.0,True,,0.7064975784112834,0.09079599544416929
2025-08-29,1204,15414,Polarisation (optique),9.0,24.0,10.0,54.0,True,,0.47204284916535677,0.06231422663397252
2025-08-30,1205,12541,Élam,8.0,17.0,6.0,29.0,True,,0.516051487720158,0.05905877808294816
2025-08-31,1206,17954,Moyenne,10.0,15.0,4.0,31.0,True,,0.6761334308685885,0.06768567874202931
2025-09-01,1207,21314,Sanskrit,12.0,18.0,7.0,34.0,True,,0.5996812339492796,0.07471108954584495
2025-09-02,1208,21309,Ninive,10.0,16.0,7.0,45.0,False,,0.5683120667467169,0.0846318358575495
2025-09-03,1209,22193,Uruk,12.0,16.0,11.0,41.0,False,,0.6003716140200281,0.0835714955655493
2025-09-04,1210,21698,Cuirassé,14.0,21.0,8.0,41.0,False,,0.5968257766124794,0.08066020727838952
2025-09-05,1211,18026,Biocarburant,13.0,22.0,8.0,36.0,False,,0.5058666756539135,0.07382723777082416
2025-09-06,1212,14767,Jus,5.0,12.0,0.0,32.0,False,,0.5712060478975657,0.07945151022235857
2025-09-07,1213,16402,Yiddish,10.0,13.0,8.0,35.0,False,,0.575800183971151,0.09106982380576022
2025-09-08,1214,24543,Printemps de Prague,11.0,18.0,9.0,39.0,False,,0.6248663667213338,0.08907461348346273
2025-09-09,1215,27009,Metal,10.0,20.0,8.0,40.0,False,,0.7113195486344746,0.0895516766312492
2025-09-10,1216,20912,Yohannes IV,12.0,23.0,10.0,39.0,False,,0.5718161201971819,0.07200179134505867
2025-09-11,1217,23012,Bicarbonate de sodium,8.0,23.0,14.0,65.0,False,,0.6220312845352833,0.07694390571611522
2025-09-12,1218,15962,Mèdes,9.0,22.0,11.0,53.0,False,,0.4528005419392697,0.0663954260533977
2025-09-13,1219,11219,Joaquim Maria Machado de Assis,8.0,15.0,8.0,32.0,False,,0.4336466917755109,0.050697921013717825
2025-09-14,1220,17209,Empathie,6.0,13.0,5.0,25.0,False,,0.6119022357079388,0.09113829528465192
2025-09-15,1221,30229,Finlande,11.0,18.0,17.0,51.0,False,,0.7916004699942794,0.08788901275820282
2025-09-16,1222,27432,Royaume du Kongo,12.0,20.0,17.0,59.0,False,,0.7210084887061285,0.09713874575076001
2025-09-17,1223,25391,Grand Bond en avant,14.0,21.0,14.0,60.0,False,,0.6835057278150359,0.09616065174522717
2025-09-18,1224,30152,Kiev,11.0,14.0,16.0,47.0,False,,0.7793223759077946,0.12677741388352184
2025-09-19,1225,24388,Vin,11.0,19.0,15.0,52.0,False,,0.693448863485939,0.09558079836129335
2025-09-20,1226,11148,Économétrie,8.0,15.0,7.0,32.0,False,,0.42954149404664455,0.05409094496675857
2025-09-21,1227,23705,Lyon,0.0,9.0,6.0,32.0,False,,0.8011377449010145,0.1137131911078017
2025-09-22,1228,28498,Unification allemande,13.0,20.0,14.0,48.0,False,,0.7471031037642333,0.10382070883178918
2025-09-23,1229,34479,Naples,10.0,20.0,11.0,42.0,False,,0.8741055222063221,0.09629920691959551
2025-09-24,1230,28492,Moineau domestique,16.0,15.0,16.0,63.0,False,,0.7669366343457731,0.1101393628458753
2025-09-25,1231,29293,Cleveland,12.0,24.0,19.0,66.0,False,,0.7842459323556483,0.08405764834485493
2025-09-26,1232,22683,Pierre Ier (empereur du Brésil),11.0,19.0,21.0,79.0,False,,0.6437455553057689,0.0852770965101402
2025-09-27,1233,15951,Vénus de Milo,0.0,12.0,8.0,41.0,False,,0.608389990873831,0.0832424743575725
2025-09-28,1234,16159,Sylviculture,8.0,15.0,8.0,33.0,False,,0.5706686406693725,0.07812547863095234
2025-09-29,1235,28762,Otto von Bismarck,17.0,18.0,17.0,46.0,False,,0.7670485447143534,0.06955358299507519
2025-09-30,1236,35032,Le Cap,14.0,22.0,21.0,71.0,False,,0.867121646071329,0.10131646424071034
2025-10-01,1237,30379,Championnat d'Angleterre de football,13.0,19.0,28.0,76.0,False,,0.7170693662214104,0.08788954056681257
2025-10-02,1238,33205,Henri II (roi d'Angleterre),11.0,17.0,22.0,65.0,False,,0.7527648291802794,0.11014909227634265
2025-10-03,1239,30342,François Ier (roi de France),6.0,18.0,27.0,89.0,False,,0.7334944682217637,0.0960768556309938
2025-10-04,1240,17386,Apartheid,4.0,13.0,5.0,45.0,False,,0.5813494146900363,0.07367210588695926
2025-10-05,1241,19882,Organisation de coopération et de développement économiques,8.0,12.0,5.0,39.0,False,,0.6108229253014333,0.1009516396839981
2025-10-06,1242,28875,Souris (informatique),19.0,23.0,21.0,72.0,False,,0.6364918318679929,0.09117994575850404
2025-10-07,1243,27601,Graffiti,22.0,32.0,24.0,77.0,False,,0.6375135220741621,0.0872913651640464
2025-10-08,1244,32694,Maladie de Lyme,23.0,29.0,21.0,86.0,False,,0.7603851564143131,0.0899961099403068
2025-10-09,1245,33090,Chlore,16.0,24.0,17.0,71.0,False,,0.7452553150779446,0.10383581941855885
2025-10-10,1246,22612,Edmund Hillary,18.0,25.0,27.0,86.0,False,,0.570537016012682,0.07646782885880943
2025-10-11,1247,15113,Alces alces,10.0,15.0,12.0,29.0,False,,0.5477523030402061,0.10367385435466471
2025-10-12,1248,23952,Basket-ball,0.0,12.0,9.0,32.0,False,,0.715746723690042,0.10971605639695549
2025-10-13,1249,38966,Nombre d'or,11.0,18.0,24.0,69.0,False,,0.8415952827632396,0.12970751567864147
2025-10-14,1250,33644,Muay-thaï,14.0,26.0,21.0,70.0,False,,0.7537509958534423,0.10480304682156358
2025-10-15,1251,32707,Braille,12.0,26.0,28.0,86.0,False,,0.739782704320348,0.10888833334661792
2025-10-16,1252,32096,Loi binomiale,18.0,30.0,21.0,74.0,False,,0.7260987619552881,0.10796375167615617
2025-10-17,1253,29711,Tennis de table,16.0,20.0,27.0,86.0,False,,0.7432470374980471,0.0984426233543414
2025-10-18,1254,20194,Islande,10.0,8.0,13.0,40.0,True,,0.7387170937198339,0.07485356253552172
2025-10-19,1255,22071,Sionisme,5.0,16.0,9.0,37.0,True,,0.7342654331017544,0.10043393656003144
2025-10-20,1256,27140,Petite Ourse,20.0,26.0,20.0,72.0,True,,0.6513132913609347,0.09124378105087824
2025-10-21,1257,34145,Escalade,15.0,24.0,26.0,88.0,True,,0.8323754201192127,0.09350530276534284
2025-10-22,1258,30353,Soin infirmier,20.0,26.0,24.0,95.0,True,,0.7525340919925415,0.14577873803671504
2025-10-23,1259,28447,Réseau électrique,22.0,28.0,26.0,90.0,True,,0.7112734674745057,0.09981638147077304
2025-10-24,1260,22859,Diode électroluminescente,16.0,23.0,24.0,83.0,True,,0.6218047147999458,0.07356307298932047
2025-10-25,1261,18257,Météorologie,9.0,12.0,11.0,41.0,True,,0.6468309166673335,0.07843988201426051
2025-10-26,1262,21762,Tango (danse),8.0,12.0,10.0,59.0,True,,0.723320163390972,0.09821232705773097
2025-10-27,1263,21397,Lentinula edodes,16.0,27.0,13.0,57.0,True,,0.5219328272075839,0.06921630592925576
2025-10-28,1264,30066,Achille,11.0,22.0,13.0,52.0,True,,0.7246129893117412,0.1072161878436072
2025-10-29,1265,25995,Révolution verte,11.0,20.0,16.0,45.0,True,,0.6429389914709538,0.1058429628490724
2025-10-30,1266,21784,Chloroplaste,13.0,25.0,14.0,70.0,True,,0.5411323312547562,0.07334841746597605
2025-10-31,1267,21153,Histoire de la sociologie,15.0,27.0,14.0,58.0,True,,0.5666407314385278,0.06721616471264108
2025-11-01,1268,14370,Noam Chomsky,18.0,19.0,9.0,44.0,True,26957.0,0.559842757807893,0.06434515361339904
2025-11-02,1269,20897,Exponentielle de base a,6.0,14.0,10.0,42.0,True,30000.0,0.7358120226293035,0.0979402489381324
2025-11-03,1270,31631,Flûte traversière,15.0,22.0,35.0,99.0,True,47391.0,0.7797048978256406,0.11539879256643099
2025-11-04,1271,33282,Premier Empire bulgare,16.0,23.0,31.0,95.0,False,43913.0,0.8098453214579482,0.09107897110509439
2025-11-05,1272,36303,Violon,13.0,19.0,30.0,95.0,False,44348.0,0.8621321028740301,0.12129307868862461
2025-11-06,1273,38471,Fée,16.0,24.0,27.0,90.0,False,53043.0,0.8923333549500084,0.0983850345570514
2025-11-07,1274,23664,Urartu,21.0,28.0,21.0,86.0,False,50435.0,0.6273817933447376,0.09009474642459321
2025-11-08,1275,14610,Chiffrement,11.0,22.0,13.0,43.0,False,38261.0,0.531289626617008,0.057682523372878707
2025-11-09,1276,20619,Développement durable,14.0,22.0,10.0,39.0,False,37826.0,0.6687588805038716,0.10062217753774268
2025-11-10,1277,27093,Savon,18.0,27.0,19.0,69.0,False,49130.0,0.6579066222097575,0.08311997245570654
2025-11-11,1278,21417,Mégalithe,11.0,19.0,10.0,31.0,False,39130.0,0.5265097360407264,0.0709752848200108
2025-11-12,1279,30006,Période des Printemps et Automnes,20.0,31.0,24.0,80.0,False,40000.0,0.7571398606595788,0.09180113396941904
2025-11-13,1280,37949,Tigre,12.0,26.0,28.0,100.0,False,41304.0,0.8756733153296977,0.12021975741106748
2025-11-14,1281,33296,Napoléon III,11.0,16.0,27.0,88.0,False,43478.0,0.8392317781822705,0.10675053848770592
2025-11-15,1282,27579,Euro,0.0,16.0,8.0,43.0,False,35652.0,0.9027598986616314,0.09110216259001322
2025-11-16,1283,28003,Trisomie 21,7.0,13.0,8.0,41.0,False,31304.0,0.8833761378298962,0.09542402970467283
2025-11-17,1284,25416,Prosodie (linguistique),21.0,28.0,17.0,60.0,False,63913.0,0.6179498458337505,0.08137752953337661
2025-11-18,1285,30200,Mouammar Kadhafi,20.0,29.0,27.0,77.0,False,58261.0,0.7355755390713472,0.10521442228832002
2025-11-19,1286,36518,Gladiateur,15.0,23.0,18.0,54.0,False,45652.0,0.8727573925120368,0.12339840456179658
2025-11-20,1287,31274,Épilepsie,17.0,26.0,14.0,51.0,False,53043.0,0.7986123166995881,0.12514627309190451
2025-11-21,1288,27490,Araneae,16.0,24.0,26.0,94.0,False,63043.0,0.7269819443180188,0.092486402728655
2025-11-22,1289,20998,Histoire de l'Iran,9.0,11.0,10.0,41.0,False,37826.0,0.7462957968175742,0.0895446380003573
2025-11-23,1290,24330,New York Public Library,8.0,16.0,9.0,50.0,False,33043.0,0.7809334623333796,0.11343614642668283
2025-11-24,1291,40462,République dominicaine,12.0,19.0,21.0,68.0,False,53478.0,0.909897219179341,0.09022486460507358
2025-11-25,1292,42129,Passage du Nord-Ouest,14.0,18.0,30.0,84.0,False,59130.0,0.9209164093973565,0.08654138037110769
2025-11-26,1293,35544,N'Djaména,13.0,24.0,25.0,76.0,False,46957.0,0.8654132353405987,0.0939869206964513
2025-11-27,1294,33085,Logique mathématique,14.0,18.0,22.0,69.0,False,51739.0,0.821385805738009,0.12912351657189836
2025-11-28,1295,29717,Salvador Dalí,11.0,17.0,28.0,94.0,False,61304.0,0.7610589164015592,0.12046799030536945
2025-11-29,1296,19346,Chômage,9.0,14.0,11.0,42.0,False,43913.0,0.6749488935969705,0.10629618834799638
2025-11-30,1297,25389,Quark,8.0,12.0,12.0,51.0,False,36522.0,0.8160152356452556,0.1119679786133855
2025-12-01,1298,28572,Uluru,16.0,24.0,40.0,100.0,False,62609.0,0.694135668249074,0.09016408588363585
2025-12-02,1299,34875,Sport féminin,19.0,23.0,24.0,81.0,False,59565.0,0.8318880148268225,0.09845866004419214
2025-12-03,1300,35285,Histoire des jeux,16.0,21.0,30.0,93.0,False,58261.0,0.8520479387775889,0.10260228297401758
2025-12-04,1301,33822,Thérèse d'Avila,13.0,23.0,25.0,91.0,False,57826.0,0.8358863274055569,0.08217842783007086
2025-12-05,1302,28216,Évolution stellaire,15.0,18.0,22.0,72.0,False,64348.0,0.7287382819053676,0.11017038053563463
2025-12-06,1303,18600,Calendrier hégirien,6.0,13.0,11.0,57.0,False,42174.0,0.6628100979050833,0.08685757620329143
2025-12-07,1304,23514,Phasme,9.0,16.0,11.0,52.0,False,33913.0,0.7751966519034431,0.10356705855150258
2025-12-08,1305,39385,Tennis,17.0,21.0,22.0,72.0,False,56087.0,0.8881779752091076,0.11850231075992744
2025-12-09,1306,31813,Écriture hiéroglyphique égyptienne,15.0,20.0,24.0,82.0,False,52609.0,0.7857727095549616,0.12172836979753668
2025-12-10,1307,32694,Serbo-croate,11.0,21.0,22.0,76.0,False,58261.0,0.7960705831040543,0.1334297888361026
2025-12-11,1308,40526,Madrid,7.0,15.0,26.0,89.0,False,53913.0,0.8996545073178173,0.1114961894217438
2025-12-12,1309,33414,Rwanda,6.0,14.0,21.0,78.0,False,51739.0,0.8225662510109273,0.1326725354956243
2025-12-13,1310,14180,Naturalisme (philosophie),9.0,13.0,9.0,45.0,False,41304.0,0.5059875072924928,0.06536419404151146
2025-12-14,1311,20821,Agnosticisme,9.0,16.0,8.0,35.0,False,40000.0,0.6984922420348807,0.07826315520791169
2025-12-15,1312,36536,Requin,9.0,17.0,23.0,69.0,False,53043.0,0.8446318060051787,0.10185648576995
2025-12-16,1313,33742,Lviv,15.0,20.0,17.0,51.0,False,58261.0,0.805321870136195,0.11383239329533475
2025-12-17,1314,39140,Guerre franco-allemande de 1870,6.0,17.0,18.0,62.0,False,64783.0,0.8816668281496803,0.13125075395043784
2025-12-18,1315,34547,Museum of Modern Art,12.0,15.0,20.0,60.0,False,63043.0,0.8181761139577695,0.12636935064564084
2025-12-19,1316,24172,Aquaculture,10.0,21.0,15.0,55.0,False,57826.0,0.650551224183994,0.08188601404178789
2025-12-20,1317,22213,Budapest,7.0,9.0,9.0,44.0,False,47391.0,0.7889478628875427,0.08721828117742422
2025-12-21,1318,26317,Italien,6.0,13.0,12.0,44.0,False,38696.0,0.8465517324971789,0.11137652752104824
2025-12-22,1319,28021,Canal de Suez,5.0,12.0,13.0,45.0,False,50870.0,0.6790622002988014,0.08517284354095293
2025-12-23,1320,24640,Radon,9.0,17.0,11.0,42.0,False,51304.0,0.61559812233483,0.068486063795721
2025-12-24,1321,15099,Période Jōmon,7.0,14.0,8.0,40.0,False,48696.0,0.42114539525776173,0.08977527661289503
2025-12-25,1322,21979,Requin-baleine,0.0,13.0,6.0,42.0,False,50435.0,0.5580433906073209,0.06599560713169297
2025-12-26,1323,21232,Guerres puniques,6.0,8.0,13.0,61.0,False,48261.0,0.5546122794110274,0.08650308014048445
2025-12-27,1324,16538,Orbitale atomique,8.0,16.0,8.0,46.0,False,50000.0,0.5961636172138468,0.08663811733274288
2025-12-28,1325,26361,Chili,5.0,8.0,8.0,51.0,False,47826.0,0.8553949023730633,0.11953609600140691
2025-12-29,1326,21855,Tortue peinte,5.0,11.0,9.0,38.0,False,46957.0,0.5252034093079523,0.06935282260164523
2025-12-30,1327,19739,Code de Hammurabi,8.0,18.0,10.0,36.0,False,46957.0,0.5045702700118527,0.0539506191230152
2025-12-31,1328,17405,Basile II,8.0,12.0,10.0,40.0,False,37826.0,0.45147367243975606,0.04634251595370642
2026-01-01,1329,17713,Révolte des Boxers,0.0,11.0,5.0,34.0,False,40870.0,0.44658791883718946,0.05519213821997444
2026-01-02,1330,21363,Surréalisme,7.0,10.0,7.0,37.0,False,35652.0,0.5652463150473728,0.06935839820616141
2026-01-03,1331,21389,Palestine (État),0.0,10.0,6.0,27.0,False,39565.0,0.7527336579753164,0.11451579853472992
2026-01-04,1332,20518,Bibliothèque du Congrès,7.0,12.0,7.0,38.0,False,40000.0,0.6810150810806356,0.09004035875061911
2026-01-05,1333,30732,Peine de mort,10.0,13.0,14.0,48.0,False,43913.0,0.7219622474003463,0.09758848912572071
2026-01-06,1334,30658,Moteur Diesel,11.0,13.0,16.0,52.0,False,43913.0,0.7433467465891402,0.08645664947172577
2026-01-07,1335,28392,Harvey Milk,9.0,14.0,18.0,60.0,False,52609.0,0.6952729315068947,0.10588160405145113
2026-01-08,1336,31300,Génocide des Tutsi du Rwanda,9.0,17.0,15.0,55.0,False,57391.0,0.7728182161963089,0.10258089061863324
2026-01-09,1337,27223,Clément de Rome,11.0,19.0,15.0,59.0,False,49565.0,0.7230336630859636,0.09563510468807654
2026-01-10,1338,21546,Guerre russo-japonaise,4.0,9.0,7.0,35.0,False,42609.0,0.7570023585735606,0.08701221277356866
2026-01-11,1339,26119,Longitude,4.0,7.0,4.0,34.0,False,48696.0,0.8445682191435611,0.10941166913701507
2026-01-12,1340,30246,Saga,18.0,22.0,23.0,56.0,False,56522.0,0.7287207996059264,0.09393337070710354
2026-01-13,1341,27426,Tension superficielle,16.0,22.0,18.0,58.0,False,78696.0,0.6558425844346223,0.09318487991001083
2026-01-14,1342,36561,Autochtones d'Amérique,13.0,18.0,13.0,46.0,False,53043.0,0.8809682928228151,0.11462816658541039
2026-01-15,1343,32792,Pédophilie,11.0,21.0,15.0,56.0,False,61304.0,0.7938357699652359,0.13186006895268526
2026-01-16,1344,34353,Empire romain,8.0,13.0,25.0,71.0,False,51304.0,0.8525853328127313,0.11238752895858077
2026-01-17,1345,21814,Tempête de sable,4.0,10.0,10.0,27.0,False,43913.0,0.7678588064658881,0.11619801937695977
2026-01-18,1346,31567,Guerre de Cent Ans,3.0,8.0,6.0,36.0,False,41739.0,0.8968251481541825,0.10993388082038051
2026-01-19,1347,35488,Vanuatu,11.0,16.0,15.0,42.0,False,57391.0,0.8308645454852039,0.11279506182919499
2026-01-20,1348,32631,Icône,12.0,22.0,22.0,57.0,False,63913.0,0.7791715923896908,0.1156019704348877
2026-01-21,1349,40264,Ville de Bruxelles,9.0,15.0,23.0,61.0,False,53913.0,0.8628163206243608,0.14396046181084204
2026-01-22,1350,41918,Guerre de Sept Ans,10.0,14.0,23.0,62.0,False,52174.0,0.9180475953514845,0.0764505072823041
2026-01-23,1351,36185,Corse,7.0,15.0,23.0,62.0,False,49565.0,0.8705506111450085,0.14205357043401803
2026-01-24,1352,21614,Peroxyde d'hydrogène,5.0,9.0,6.0,27.0,False,39565.0,0.7510887156540323,0.1083174784350458
2026-01-25,1353,28945,Kilimandjaro,7.0,10.0,6.0,26.0,False,36087.0,0.8950470680140555,0.09245864660439494
2026-01-26,1354,29286,Idéalisme (philosophie),20.0,18.0,24.0,68.0,False,81739.0,0.6990044564186275,0.09572324223212819
2026-01-27,1355,38091,Patrimoine mondial,13.0,24.0,27.0,73.0,False,74348.0,0.8905692543232561,0.09169495360917979
2026-01-28,1356,34934,Brûlure,18.0,25.0,19.0,56.0,False,56087.0,0.8559264849922255,0.1123365903435956
2026-01-29,1357,42696,Ours blanc,12.0,20.0,19.0,54.0,False,54348.0,0.9277281744728103,0.07138571408859261
2026-01-30,1358,24471,Holographie,14.0,22.0,16.0,57.0,False,54348.0,0.6524379016805191,0.08073052741568026
2026-01-31,1359,19607,Papillomavirus humain,7.0,13.0,7.0,29.0,False,43043.0,0.6750906894353794,0.08931786772463596
2026-02-01,1360,24182,Écritures du japonais,10.0,14.0,9.0,38.0,False,,0.7045863236375725,0.09071252058001736
2026-02-02,1361,40845,Ancien Empire,13.0,18.0,22.0,61.0,False,,0.8324790475001398,0.10252440281887792
2026-02-03,1362,39265,Patinage à roulettes,14.0,19.0,25.0,78.0,False,,0.8251378878802077,0.11388736380593642
2026-02-04,1363,35726,Kilogramme,15.0,21.0,22.0,63.0,False,,0.7924860923950443,0.11716309711038307
2026-02-05,1364,27244,Expansion bantoue,20.0,27.0,22.0,63.0,False,,0.5915749715272003,0.09988756155000239
2026-02-06,1365,34084,Latitude,15.0,22.0,21.0,59.0,False,,0.7892977154661769,0.07667076382189221
2026-02-07,1366,21745,Livre de la Genèse,6.0,11.0,9.0,35.0,False,,0.6783175616344794,0.10281158485483853
2026-02-08,1367,29252,Cancer de la prostate,6.0,10.0,9.0,35.0,False,,0.8384199276194557,0.10072429613323355
2026-02-09,1368,40827,Histoire de la Turquie,15.0,19.0,22.0,60.0,False,,0.8338257194244258,0.12917218967316338
2026-02-10,1369,36028,Barrage Hoover,15.0,21.0,27.0,72.0,False,,0.7457384492790744,0.1332666420490659
2026-02-11,1370,35723,Paul von Hindenburg,14.0,20.0,30.0,96.0,False,,0.784783843074298,0.10641514560219795
2026-02-12,1371,35355,Information,17.0,23.0,25.0,76.0,False,,0.797620088572704,0.08125717060349738
2026-02-13,1372,35374,Homme de Néandertal,12.0,17.0,22.0,71.0,False,,0.8273425414098052,0.1058203241506039
2026-02-14,1373,16067,Chamaeleonidae,2.0,4.0,6.0,25.0,False,,0.5093496554391818,0.06368010911261779
2026-02-15,1374,27867,"Organisation des Nations unies pour l'éducation, la science et la culture",6.0,9.0,8.0,37.0,False,,0.8094914172848989,0.10317735123559257
2026-02-16,1375,30844,Mythologie aborigène,14.0,19.0,21.0,69.0,False,,0.6478680747527622,0.08768992903455868
